temperature_2m_mean,temperature_2m_max,temperature_2m_min,relative_humidity_2m_mean,precipitation_sum,rain_sum,weather_code,date,district,rain_3day,rain_7day,rain_14day,rain_30day,rain_intensity_3day,risk
12.9,19.5,8.2,82,0.0,0.0,1,2021-01-24,Haridwar,0.0,0.0,0.0,12.399999999999999,0.0,0
7.4,16.0,1.1,60,0.0,0.0,0,2021-01-30,Almora,0.2,0.2,0.2,9.9,0.06666666666666667,0
8.9,19.3,-0.1,62,0.0,0.0,0,2021-01-30,Bageshwar,0.0,0.0,0.0,6.5,0.0,0
9.1,15.9,2.8,31,0.0,0.0,0,2021-01-30,Chamoli,0.0,0.1,0.1,9.9,0.0,0
10.3,16.6,4.6,74,0.0,0.0,1,2021-01-30,Dehradun,0.0,0.0,0.0,10.1,0.0,0
10.2,18.0,4.3,81,0.0,0.0,3,2021-01-30,Haridwar,0.0,0.0,0.0,12.399999999999999,0.0,0
5.6,10.8,0.0,65,0.0,0.0,0,2021-01-30,Nainital,0.7000000000000008,0.7,0.7,14.1,0.23333333333333361,0
8.3,14.9,3.8,57,0.0,0.0,2,2021-01-30,Pithoragarh,0.0,0.0,0.0,8.6,0.0,0
10.1,18.2,4.1,66,0.0,0.0,3,2021-01-30,Tehri Garhwal,0.1,2.0,2.0,27.1,0.03333333333333333,0
11.1,18.0,3.8,77,0.0,0.0,0,2021-01-31,Haridwar,0.0,0.0,0.0,12.399999999999999,0.0,0
17.2,24.3,11.8,64,0.0,0.0,0,2021-02-19,Haridwar,0.0,0.0,0.0,14.4,0.0,0
16.0,23.6,8.8,47,0.0,0.0,0,2021-02-26,Almora,0.0,0.1,2.2,12.4,0.0,0
17.3,27.7,7.9,56,0.0,0.0,0,2021-02-26,Bageshwar,0.0,0.0,1.5,19.3,0.0,0
15.8,23.3,9.2,46,0.0,0.0,1,2021-02-26,Chamoli,0.0,1.6,2.1,11.0,0.0,0
20.2,27.2,11.7,45,0.0,0.0,3,2021-02-26,Dehradun,0.0,0.0,0.6000000000000001,4.3,0.0,0
17.0,24.1,11.0,40,0.0,0.0,0,2021-02-26,Pithoragarh,0.0,2.9,7.1000000000000005,15.0,0.0,0
19.6,26.8,13.2,48,0.0,0.0,2,2021-02-26,Tehri Garhwal,0.0,0.0,1.9,39.9,0.0,0
15.3,21.7,10.3,51,0.0,0.0,2,2021-03-07,Almora,0.0,0.0,0.2,2.3000000000000003,0.0,0
17.3,25.0,9.6,59,0.4,0.4,51,2021-03-07,Bageshwar,0.4,0.4,0.7000000000000001,2.6,0.13333333333333333,0
14.0,20.4,8.7,62,0.7,0.7,51,2021-03-07,Chamoli,0.7,1.2,3.7,4.2,0.2333333333333333,0
20.0,27.4,12.5,52,0.3,0.3,51,2021-03-07,Dehradun,0.30000000000000043,0.3,1.5000000000000002,2.0999999999999996,0.10000000000000014,0
22.2,30.6,14.8,51,0.0,0.0,2,2021-03-07,Haridwar,0.0,0.0,0.0,0.0,0.0,0
12.9,18.1,7.4,54,1.7,1.7,53,2021-03-07,Nainital,1.7000000000000017,1.7000000000000017,2.8,10.3,0.5666666666666672,0
15.5,21.7,10.3,54,2.1,2.1,53,2021-03-07,Pithoragarh,2.1,2.3000000000000003,5.4,10.200000000000001,0.7000000000000001,0
19.1,23.3,13.6,57,1.1,1.1,51,2021-03-07,Tehri Garhwal,1.1,1.7000000000000002,4.4,6.300000000000001,0.3666666666666667,0
15.8,22.1,10.7,49,0.2,0.2,51,2021-03-11,Almora,0.2,8.1,8.200000000000001,10.4,0.06666666666666667,0
16.6,26.3,6.9,60,0.0,0.0,1,2021-03-11,Bageshwar,0.8,13.3,13.6,15.5,0.26666666666666666,0
14.8,22.3,7.1,46,0.1,0.1,51,2021-03-11,Chamoli,0.1,8.5,9.9,12.0,0.03333333333333333,0
20.3,27.7,13.3,49,0.0,0.0,2,2021-03-11,Dehradun,0.0,2.5999999999999996,3.8,4.3999999999999995,0.0,0
22.6,30.8,15.4,51,0.0,0.0,1,2021-03-11,Haridwar,0.0,1.1,1.1,1.1,0.0,0
16.7,22.0,11.8,45,0.1,0.1,51,2021-03-11,Pithoragarh,2.2,13.8,14.2,21.6,0.7333333333333334,0
20.5,25.9,14.1,43,0.0,0.0,1,2021-03-11,Tehri Garhwal,0.0,9.0,12.3,14.200000000000001,0.0,0
15.8,21.9,9.3,51,0.3,0.3,51,2021-03-12,Almora,0.5,8.4,8.5,10.700000000000001,0.16666666666666666,0
16.9,26.0,9.1,59,0.1,0.1,51,2021-03-12,Bageshwar,0.9,13.4,13.7,15.2,0.3,0
15.0,22.8,7.6,45,0.0,0.0,3,2021-03-12,Chamoli,0.1,8.5,9.9,12.0,0.03333333333333333,0
18.6,25.3,13.2,57,0.2,0.2,51,2021-03-12,Dehradun,0.20000000000000046,2.8,4.0,4.6,0.06666666666666682,0
21.4,28.0,16.8,56,1.0,1.0,55,2021-03-12,Haridwar,1.0,2.1,2.1,2.1,0.3333333333333333,0
12.2,17.0,6.9,61,0.1,0.1,51,2021-03-12,Nainital,4.300000000000004,24.5,24.799999999999997,33.1,1.4333333333333347,0
16.6,21.4,12.9,49,0.0,0.0,3,2021-03-12,Pithoragarh,2.2,13.8,14.2,21.3,0.7333333333333334,0
19.0,24.8,13.6,52,0.3,0.3,51,2021-03-12,Tehri Garhwal,0.3,9.3,12.600000000000001,14.500000000000002,0.09999999999999999,0
21.9,30.3,14.3,55,0.0,0.0,1,2021-03-20,Haridwar,0.0,0.0,2.1,2.1,0.0,0
20.5,26.1,13.5,19,0.0,0.0,1,2021-04-11,Almora,0.0,2.7,2.8000000000000003,9.100000000000001,0.0,0
20.8,30.1,9.9,35,0.0,0.0,2,2021-04-11,Bageshwar,0.0,2.2,2.3,5.8,0.0,0
19.0,27.5,9.6,28,0.0,0.0,1,2021-04-11,Chamoli,0.0,5.5,5.5,6.9,0.0,0
23.8,32.2,15.9,30,0.0,0.0,3,2021-04-11,Dehradun,0.0,0.2,0.20000000000000046,0.2,0.0,0
21.1,26.1,14.3,18,0.0,0.0,1,2021-04-11,Pithoragarh,0.0,2.8,2.9,11.5,0.0,0
23.9,30.0,15.1,25,0.0,0.0,2,2021-04-11,Tehri Garhwal,0.0,6.4,7.0,8.5,0.0,0
15.5,22.5,9.3,36,1.7,1.7,53,2021-04-20,Nainital,2.5000000000000036,14.800000000000002,23.6,40.2,0.8333333333333345,0
12.3,17.0,9.2,83,7.9,7.9,61,2021-04-22,Almora,16.0,22.1,22.3,26.300000000000004,5.333333333333333,0
16.2,20.5,12.7,77,5.5,5.5,61,2021-04-22,Bageshwar,17.9,25.0,25.599999999999998,28.800000000000004,5.966666666666666,0
13.1,17.9,9.7,79,8.3,8.3,61,2021-04-22,Chamoli,22.300000000000004,32.0,32.2,38.0,7.4333333333333345,0
19.3,24.7,15.0,62,7.8,7.8,61,2021-04-22,Dehradun,11.0,13.8,13.8,14.0,3.6666666666666665,0
10.2,14.5,6.2,79,13.7,13.7,63,2021-04-22,Nainital,31.6,44.6,45.599999999999994,59.39999999999999,10.533333333333333,0
12.5,16.6,9.5,79,17.0,17.0,63,2021-04-22,Pithoragarh,39.2,50.7,50.9,55.7,13.066666666666668,0
17.1,21.4,14.2,76,9.0,9.0,61,2021-04-22,Tehri Garhwal,24.5,33.099999999999994,33.5,40.5,8.166666666666666,0
26.9,36.4,17.1,35,0.0,0.0,0,2021-04-26,Haridwar,0.0,7.5,9.5,9.5,0.0,0
17.1,22.8,13.1,82,5.9,5.9,63,2021-05-05,Almora,8.7,10.9,21.8,38.900000000000006,2.9,0
20.0,24.8,15.7,83,11.7,11.7,63,2021-05-05,Bageshwar,18.6,21.4,33.8,56.0,6.2,0
18.6,22.3,15.1,72,7.4,7.4,61,2021-05-05,Chamoli,9.8,10.600000000000001,32.7,60.9,3.266666666666667,0
25.0,29.0,21.2,58,1.6,1.6,61,2021-05-05,Dehradun,2.600000000000001,2.6,14.5,20.599999999999998,0.866666666666667,0
16.5,20.6,13.6,84,11.5,11.5,63,2021-05-05,Pithoragarh,24.5,30.5,52.5,88.4,8.166666666666666,0
22.9,26.2,18.8,69,2.8,2.8,61,2021-05-05,Tehri Garhwal,6.0,7.4,25.999999999999996,56.0,2.0,0
16.6,21.7,11.7,79,1.6,1.6,53,2021-05-09,Almora,7.699999999999999,19.8,22.0,47.3,2.5666666666666664,0
19.9,26.7,14.0,74,2.5,2.5,61,2021-05-09,Bageshwar,6.8,32.9,35.7,68.2,2.2666666666666666,0
18.6,22.9,15.4,66,1.4,1.4,61,2021-05-09,Chamoli,3.8,22.000000000000004,22.8,68.8,1.2666666666666666,0
24.3,29.8,19.4,57,0.9,0.9,53,2021-05-09,Dehradun,2.4,15.1,15.1,33.0,0.7999999999999999,0
16.5,21.5,13.9,79,4.1,4.1,63,2021-05-09,Pithoragarh,13.1,51.199999999999996,57.400000000000006,113.1,4.366666666666666,0
21.6,25.6,17.2,71,2.6,2.6,61,2021-05-09,Tehri Garhwal,8.8,20.200000000000003,21.599999999999998,64.7,2.9333333333333336,0
28.4,36.0,21.1,44,0.0,0.0,0,2021-05-16,Haridwar,0.0,9.2,21.7,31.6,0.0,0
30.4,34.6,26.0,68,0.0,0.0,1,2021-06-23,Haridwar,1.3,60.199999999999996,91.29999999999997,99.0,0.43333333333333335,0
18.6,22.3,16.0,90,4.1,4.1,55,2021-06-23,Nainital,14.799999999999999,140.4,213.8,269.2,4.933333333333333,0
23.3,27.6,19.6,79,6.1,6.1,55,2021-07-02,Chamoli,14.2,19.9,77.39999999999998,276.5,4.733333333333333,2
21.9,26.2,18.7,84,2.9,2.9,53,2021-07-04,Almora,5.199999999999999,8.0,44.0,219.1,1.7333333333333332,0
25.9,31.6,21.5,80,4.0,4.0,53,2021-07-04,Bageshwar,7.299999999999972,10.899999999999999,57.5,238.5,2.4333333333333242,0
27.4,31.9,23.3,76,1.0,1.0,51,2021-07-04,Dehradun,4.3,5.6000000000000005,13.0,188.0,1.4333333333333333,0
21.7,26.0,18.4,84,9.4,9.4,63,2021-07-04,Pithoragarh,16.2,25.6,71.30000000000001,368.2,5.3999999999999995,0
26.6,31.0,21.6,81,2.2,2.2,55,2021-07-04,Tehri Garhwal,3.0999999999999996,5.5,12.5,354.6,1.0333333333333332,0
23.8,29.0,19.2,76,1.2,1.2,53,2021-07-05,Chamoli,5.8,25.5,27.29999999999997,281.90000000000003,1.9333333333333333,0
30.4,35.0,25.6,69,2.1,2.1,53,2021-07-05,Haridwar,2.2,2.2,7.599999999999986,99.0,0.7333333333333334,0
25.8,30.4,22.3,85,9.4,9.4,61,2021-07-16,Bageshwar,24.19999999999997,69.1,94.60000000000001,275.7,8.066666666666658,0
27.2,31.1,23.8,79,2.4,2.4,51,2021-07-16,Dehradun,4.3,33.4,42.3,178.89999999999998,1.4333333333333333,0
21.6,24.8,19.5,87,6.1,6.1,53,2021-07-16,Pithoragarh,26.6,92.2,135.9,353.2,8.866666666666667,0
26.7,30.8,22.5,82,3.6,3.6,51,2021-07-16,Tehri Garhwal,9.4,63.0,76.8,384.8,3.1333333333333333,0
23.9,27.9,21.2,86,51.8,51.8,65,2021-07-17,Chamoli,62.5,109.5,136.7,355.9,20.833333333333332,0
28.9,32.6,25.5,80,0.1,0.1,51,2021-07-23,Haridwar,11.4,59.8,71.39999999999999,81.7,3.8000000000000003,0
19.2,23.1,15.6,86,3.0,3.0,53,2021-07-23,Nainital,36.2,148.3,201.60000000000002,262.7,12.066666666666668,0
18.5,22.5,16.0,91,12.2,12.2,63,2021-07-30,Nainital,42.1,92.5,240.8,319.6,14.033333333333333,0
21.4,25.2,18.0,86,2.6,2.6,53,2021-07-31,Almora,13.1,84.99999999999999,199.9,249.4,4.366666666666666,0
25.5,29.6,21.4,83,6.1,6.1,61,2021-07-31,Bageshwar,22.69999999999997,180.89999999999998,298.3,401.8,7.566666666666657,0
26.6,29.5,23.9,84,5.9,5.9,63,2021-07-31,Dehradun,12.5,73.4,169.8,223.6,4.166666666666667,0
21.7,25.4,18.9,86,2.9,2.9,61,2021-07-31,Pithoragarh,23.5,127.60000000000001,248.1,395.8,7.833333333333333,0
26.7,30.0,23.1,82,5.6,5.6,61,2021-07-31,Tehri Garhwal,10.0,107.2,164.7,249.20000000000002,3.3333333333333335,0
25.3,31.3,20.9,85,5.6,5.6,63,2021-08-01,Bageshwar,16.599999999999973,185.2,250.20000000000002,405.70000000000005,5.533333333333324,0
23.0,27.6,20.7,85,2.8,2.8,53,2021-08-01,Chamoli,8.6,49.0,95.49999999999997,254.3,2.8666666666666667,0
26.3,30.1,23.6,82,3.1,3.1,53,2021-08-01,Dehradun,13.5,74.5,142.79999999999998,224.7,4.5,0
21.6,25.8,18.9,89,1.8,1.8,53,2021-08-01,Pithoragarh,9.9,123.8,203.6,392.8,3.3000000000000003,0
26.9,31.3,23.3,80,0.8,0.8,51,2021-08-01,Tehri Garhwal,9.0,107.89999999999999,152.9,249.80000000000004,3.0,0
23.6,25.4,22.0,84,1.4,1.4,51,2021-08-02,Chamoli,7.3,44.0,91.79999999999997,251.7,2.433333333333333,0
20.9,24.8,18.8,91,12.4,12.4,63,2021-08-09,Almora,56.5,111.7,185.4,352.1,18.833333333333332,0
21.0,25.7,17.9,90,12.8,12.8,63,2021-08-22,Almora,39.1,52.0,77.2,275.20000000000005,13.033333333333333,0
25.4,30.4,21.8,83,4.0,4.0,61,2021-08-22,Bageshwar,28.199999999999974,51.699999999999996,96.9,386.59999999999997,9.399999999999991,0
25.4,29.2,22.9,87,4.5,4.5,55,2021-08-22,Dehradun,16.500000000000004,26.999999999999993,61.0,217.3,5.500000000000001,0
20.8,24.3,18.7,92,7.4,7.4,63,2021-08-22,Pithoragarh,42.1,73.6,176.5,395.1,14.033333333333333,0
26.0,30.0,22.8,85,2.9,2.9,53,2021-08-22,Tehri Garhwal,10.8,24.7,78.5,332.6,3.6,0
22.9,26.7,20.1,84,10.6,10.6,61,2021-08-23,Chamoli,11.600000000000001,29.299999999999997,61.09999999999997,120.3,3.866666666666667,0
20.9,22.7,19.7,94,14.8,14.8,61,2021-08-26,Almora,21.200000000000003,61.1,82.4,262.2,7.066666666666667,0
24.8,26.9,23.5,91,32.9,32.9,63,2021-08-26,Bageshwar,43.199999999999974,75.0,116.60000000000001,350.7,14.399999999999991,0
25.9,28.8,24.0,91,10.5,10.5,61,2021-08-26,Dehradun,47.400000000000006,67.89999999999999,95.9,240.0,15.800000000000002,0
28.3,32.0,25.7,86,6.1,6.1,53,2021-08-26,Haridwar,34.8,59.4,81.6,139.1,11.6,0
18.6,20.7,17.0,96,11.4,11.4,63,2021-08-26,Nainital,23.099999999999998,58.8,108.6,346.1,7.699999999999999,0
20.6,22.5,19.2,94,18.6,18.6,63,2021-08-26,Pithoragarh,32.1,77.80000000000001,138.9,350.8,10.700000000000001,0
26.9,30.3,23.8,85,20.2,20.2,63,2021-08-26,Tehri Garhwal,53.9,67.7,101.5,343.90000000000003,17.966666666666665,0
21.8,24.0,20.7,94,18.4,18.4,63,2021-08-27,Chamoli,66.7,114.5,140.09999999999997,188.79999999999998,22.233333333333334,0
27.3,31.2,24.2,82,1.1,1.1,51,2021-08-29,Haridwar,10.7,48.50000000000001,73.39999999999999,137.10000000000002,3.5666666666666664,0
21.2,26.3,17.5,86,2.3,2.3,51,2021-09-05,Almora,5.3,42.9,110.7,232.0,1.7666666666666666,0
27.8,31.5,23.4,80,0.3,0.3,51,2021-09-05,Haridwar,3.9,15.100000000000003,63.59999999999999,120.2,1.3,0
23.9,28.8,19.8,85,5.3,5.3,61,2021-09-09,Bageshwar,39.49999999999997,49.6,181.4,305.79999999999995,13.166666666666657,0
25.4,29.2,22.7,85,3.5,3.5,61,2021-09-09,Dehradun,21.200000000000006,25.49999999999999,79.99999999999999,182.89999999999998,7.066666666666669,0
20.0,23.6,17.7,95,14.7,14.7,61,2021-09-09,Pithoragarh,35.0,44.099999999999994,136.9,307.5,11.666666666666666,0
25.2,29.2,22.2,84,4.4,4.4,63,2021-09-09,Tehri Garhwal,45.099999999999966,51.8,248.10000000000002,363.3,15.033333333333323,0
22.2,27.0,19.2,84,16.3,16.3,63,2021-09-10,Chamoli,26.5,43.5,89.49999999999997,243.4,8.833333333333334,0
20.2,24.9,17.6,89,12.2,12.2,65,2021-09-12,Almora,22.499999999999996,44.89999999999999,87.79999999999998,211.2,7.499999999999999,0
17.6,20.4,15.0,92,9.7,9.7,63,2021-09-12,Nainital,20.500000000000004,51.599999999999994,131.0,279.9,6.833333333333335,0
27.4,31.3,23.7,78,0.2,0.2,51,2021-09-29,Haridwar,0.40000000000000047,4.400000000000003,16.999999999999986,51.599999999999994,0.1333333333333335,0
19.2,24.2,15.5,79,0.7,0.7,51,2021-10-17,Almora,0.7000000000000017,0.7999999999999999,2.1,53.300000000000004,0.23333333333333392,0
25.7,30.9,23.1,71,1.7,1.7,53,2021-10-17,Haridwar,1.7000000000000004,1.7000000000000035,1.6999999999999857,16.900000000000002,0.5666666666666668,0
16.5,23.9,10.4,75,0.4,0.4,51,2021-10-26,Bageshwar,0.4999999999999716,1.2,218.7,264.8,0.1666666666666572,0
18.3,24.2,13.1,75,0.0,0.0,1,2021-10-26,Dehradun,0.0,0.0,77.3,95.4,0.0,0
12.1,15.3,8.0,74,0.8,0.8,51,2021-10-26,Nainital,1.8000000000000285,4.7,397.2,433.3,0.6000000000000095,0
15.5,19.4,11.9,68,0.2,0.2,51,2021-10-26,Pithoragarh,5.3,12.999999999999998,186.70000000000002,224.20000000000002,1.7666666666666666,0
19.1,24.1,13.4,66,0.1,0.1,51,2021-10-26,Tehri Garhwal,3.8999999999999715,4.199999999999999,106.00000000000001,124.30000000000004,1.2999999999999905,0
13.9,19.2,9.6,61,0.0,0.0,2,2021-10-27,Chamoli,0.8,6.8,174.79999999999995,202.7,0.26666666666666666,0
19.6,26.3,13.2,75,0.0,0.0,0,2021-10-28,Haridwar,0.0,0.20000000000002843,153.79999999999998,155.1,0.0,0
18.7,25.0,13.2,80,0.0,0.0,0,2021-10-31,Haridwar,0.0,0.0,152.1,154.4,0.0,0
10.3,15.1,6.1,74,5.5,5.5,61,2021-11-02,Nainital,6.400000000000029,7.0,11.7,409.20000000000005,2.133333333333343,0
13.0,18.6,9.0,69,0.0,0.0,0,2021-11-03,Almora,0.4,0.4,1.7999999999999998,200.4,0.13333333333333333,0
13.9,23.1,7.1,70,0.0,0.0,0,2021-11-04,Bageshwar,0.1999999999999716,1.4,3.1,221.6,0.0666666666666572,0
17.0,24.1,11.7,65,0.0,0.0,0,2021-11-04,Dehradun,0.0,0.0,0.0,77.7,0.0,0
14.1,18.3,9.7,57,0.0,0.0,0,2021-11-04,Pithoragarh,0.0,2.3,16.6,193.70000000000002,0.0,0
17.8,23.1,12.3,54,0.0,0.0,0,2021-11-04,Tehri Garhwal,0.0,0.1,4.2,106.10000000000004,0.0,0
12.8,19.8,5.9,57,0.0,0.0,0,2021-11-05,Chamoli,0.0,3.7,10.19999999999997,178.50000000000003,0.0,0
14.9,24.1,7.9,75,0.0,0.0,2,2021-11-07,Bageshwar,0.0,1.4,2.4000000000000004,220.7,0.0,2
13.4,21.5,6.0,55,0.0,0.0,1,2021-11-07,Chamoli,0.0,3.7,4.499999999999972,178.50000000000003,0.0,2
16.2,23.0,11.3,79,0.0,0.0,1,2021-11-13,Dehradun,0.0,0.0,0.0,77.3,0.0,0
9.9,15.3,5.8,87,0.0,0.0,3,2021-11-13,Nainital,0.0,0.0,6.4,403.8,0.0,0
13.6,18.8,9.4,75,0.0,0.0,3,2021-11-13,Pithoragarh,0.0,0.0,2.3,191.6,0.0,0
16.1,24.3,10.0,79,0.0,0.0,3,2021-11-13,Tehri Garhwal,0.0,0.0,0.1,105.90000000000003,0.0,0
15.4,23.5,10.7,78,0.0,0.0,3,2021-11-14,Bageshwar,0.0,0.0,1.4,220.7,0.0,0
12.6,19.2,6.5,57,0.0,0.0,1,2021-11-15,Chamoli,0.0,0.0,0.0,178.50000000000003,0.0,0
14.2,21.0,9.2,53,0.0,0.0,0,2021-11-21,Almora,0.0,0.0,0.0,1.7999999999999998,0.0,0
16.3,23.9,10.0,62,0.0,0.0,0,2021-11-21,Dehradun,0.0,0.0,0.0,0.0,0.0,0
12.2,17.3,7.2,53,0.0,0.0,0,2021-11-21,Nainital,0.0,0.0,0.0,9.600000000000001,0.0,0
15.5,20.0,9.3,57,0.0,0.0,0,2021-11-21,Pithoragarh,0.0,0.0,0.0,16.6,0.0,0
18.1,24.9,11.4,60,0.0,0.0,0,2021-11-21,Tehri Garhwal,0.0,0.0,0.0,4.000000000000028,0.0,0
14.1,24.0,6.3,68,0.0,0.0,0,2021-11-22,Bageshwar,0.0,0.0,0.0,2.5,0.0,0
14.7,20.5,10.0,40,0.0,0.0,0,2021-11-23,Chamoli,0.0,0.0,0.0,4.500000000000014,0.0,0
7.7,13.6,3.0,71,0.0,0.0,3,2021-11-28,Nainital,0.0,0.0,0.0,6.4,0.0,0
17.1,23.0,12.8,73,4.2,4.2,61,2021-12-06,Haridwar,4.2,7.200000000000029,7.2,7.2,1.4000000000000001,0
13.4,20.2,7.2,79,0.0,0.0,3,2021-12-11,Haridwar,0.0,4.200000000000029,7.2,7.2,0.0,0
6.6,13.9,0.4,60,0.0,0.0,3,2021-12-17,Almora,0.0,0.0,4.9,5.0,0.0,0
9.3,15.5,4.1,62,0.0,0.0,0,2021-12-17,Dehradun,0.0,0.0,2.7,3.8000000000000003,0.0,0
9.1,13.0,6.7,43,0.0,0.0,3,2021-12-17,Pithoragarh,0.0,0.0,4.0,6.3,0.0,0
9.8,16.2,4.3,61,5.9,5.8,71,2021-12-17,Tehri Garhwal,5.899999999999972,5.9,18.3,31.50000000000003,1.9666666666666572,0
8.5,15.7,2.6,69,0.0,0.0,3,2021-12-18,Bageshwar,0.0,0.0,10.7,11.6,0.0,0
8.9,17.2,2.3,77,0.0,0.0,1,2021-12-18,Haridwar,0.0,0.0,4.2,7.2,0.0,0
5.8,14.2,-0.4,47,0.0,0.0,0,2021-12-19,Chamoli,0.20000000000000712,0.2,20.499999999999975,38.40000000000002,0.06666666666666904,0
7.7,14.8,0.3,67,0.0,0.0,3,2021-12-21,Almora,0.0,0.2,0.2,5.2,0.0,0
11.2,17.9,5.9,76,0.0,0.0,3,2022-01-02,Dehradun,0.0,0.3999999999999858,0.5,3.2,0.0,0
11.8,19.2,6.2,79,0.0,0.0,3,2022-01-02,Haridwar,0.0,0.7000000000000284,1.9,6.1000000000000005,0.0,0
9.3,14.3,3.1,63,0.0,0.0,3,2022-01-02,Pithoragarh,0.0,10.1,15.1,19.2,0.0,0
13.0,19.4,8.6,67,0.0,0.0,3,2022-01-02,Tehri Garhwal,0.0,4.5,6.1,24.400000000000027,0.0,0
9.5,19.1,1.5,68,0.0,0.0,3,2022-01-03,Bageshwar,0.0,2.0,2.6,13.299999999999999,0.0,0
12.1,20.0,6.4,78,0.0,0.0,3,2022-01-03,Haridwar,0.0,0.7000000000000284,1.9,6.1000000000000005,0.0,0
9.0,14.7,4.7,60,3.1,3.1,61,2022-01-04,Chamoli,3.1000000000000076,5.300000000000001,14.299999999999972,34.80000000000002,1.0333333333333359,0
13.9,18.7,9.8,82,12.1,12.1,63,2022-01-10,Haridwar,56.5,70.00000000000003,70.7,71.9,18.833333333333332,0
7.0,10.6,2.8,66,0.0,0.0,3,2022-01-17,Nainital,0.10000000000002843,5.299999999999996,78.4,82.7,0.03333333333334281,0
10.3,16.0,7.0,90,0.0,0.0,3,2022-01-18,Haridwar,0.0,2.0000000000000284,71.4,74.4,0.0,0
8.1,13.7,2.6,75,0.6,0.6,53,2022-01-19,Almora,0.6,0.6,81.69999999999999,96.0,0.19999999999999998,0
12.4,19.6,6.1,79,0.0,0.0,0,2022-02-13,Haridwar,0.0,0.7000000000000284,64.9,109.89999999999999,0.0,0
12.7,19.6,6.7,73,0.0,0.0,1,2022-02-16,Dehradun,0.0,0.0,34.2,65.19999999999999,0.0,0
14.1,21.6,8.4,75,0.0,0.0,0,2022-02-16,Haridwar,0.0,0.0,64.10000000000001,109.89999999999999,0.0,0
9.7,14.3,4.9,62,0.1,0.1,51,2022-02-16,Pithoragarh,2.6,2.6,38.49999999999999,70.0,0.8666666666666667,0
11.4,19.1,3.2,76,0.0,0.0,3,2022-02-16,Tehri Garhwal,0.09999999999997158,0.4,44.7,95.80000000000003,0.03333333333332386,0
10.2,19.4,2.2,72,0.1,0.1,51,2022-02-17,Bageshwar,3.3999999999999715,3.4,23.6,80.3,1.1333333333333238,0
8.7,17.2,0.1,48,0.0,0.0,2,2022-02-18,Chamoli,0.0,1.4000000000000035,4.499999999999972,75.50000000000001,0.0,0
13.5,22.0,6.7,68,0.0,0.0,2,2022-02-18,Haridwar,0.0,0.0,0.7,108.1,0.0,0
9.3,14.4,5.4,53,0.0,0.0,0,2022-02-19,Almora,0.0,0.8000000000000036,6.0,62.2,0.0,0
14.1,22.0,7.7,67,0.0,0.0,0,2022-02-19,Haridwar,0.0,0.0,0.7,105.5,0.0,0
5.4,9.6,1.1,64,5.1,5.0,71,2022-02-20,Nainital,5.100000000000028,7.4999999999999964,15.6,74.5,1.7000000000000093,0
6.6,10.9,1.2,67,0.0,0.0,1,2022-02-21,Nainital,5.100000000000028,7.299999999999996,15.6,67.80000000000001,1.7000000000000093,0
8.5,14.7,0.4,70,0.4,0.4,51,2022-02-27,Almora,7.100000000000004,12.500000000000004,13.3,45.8,2.366666666666668,0
12.9,19.9,7.3,70,0.8,0.8,53,2022-02-27,Dehradun,16.90000000000001,28.39999999999999,28.400000000000002,63.0,5.633333333333336,0
9.3,14.0,3.3,67,0.8,0.8,51,2022-02-27,Pithoragarh,15.299999999999999,25.2,34.99999999999999,71.5,5.1,0
13.4,18.8,6.6,65,4.4,4.4,63,2022-02-27,Tehri Garhwal,21.099999999999973,51.1,51.5,96.20000000000002,7.033333333333324,0
11.6,21.7,2.3,66,0.0,0.0,3,2022-02-28,Bageshwar,8.199999999999973,18.8,22.8,55.6,2.733333333333324,0
10.8,17.9,4.2,54,0.0,0.0,3,2022-03-01,Chamoli,7.1,92.19999999999999,92.49999999999996,129.8,2.3666666666666667,0
17.8,25.9,12.0,63,0.1,0.1,51,2022-03-03,Haridwar,0.1,19.700000000000024,29.999999999999996,94.89999999999999,0.03333333333333333,0
13.7,18.9,8.9,52,0.1,0.1,51,2022-03-09,Nainital,0.10000000000002843,1.0,81.6,104.89999999999999,0.03333333333334281,0
18.7,26.6,11.2,57,0.0,0.0,3,2022-03-10,Dehradun,0.0,0.0,18.0,30.3,0.0,0
13.4,17.0,8.2,51,1.1,1.1,53,2022-03-10,Nainital,1.2000000000000286,1.2000000000000002,75.5,106.0,0.4000000000000095,0
16.1,20.9,11.8,46,0.0,0.0,3,2022-03-10,Pithoragarh,0.0,0.0,17.499999999999993,41.7,0.0,0
19.8,26.0,13.5,51,0.1,0.1,51,2022-03-10,Tehri Garhwal,0.09999999999997158,0.1,22.7,56.60000000000003,0.03333333333332386,0
15.9,26.0,7.0,63,0.0,0.0,3,2022-03-11,Bageshwar,0.0,0.0,12.4,27.1,0.0,0
14.9,24.1,5.9,42,0.0,0.0,0,2022-03-12,Chamoli,0.5,0.5,8.899999999999972,95.70000000000002,0.16666666666666666,0
18.8,25.0,13.4,69,0.0,0.0,2,2022-03-15,Almora,0.0,0.0,1.1,15.200000000000001,0.0,0
15.4,20.4,10.5,74,0.0,0.0,2,2022-03-15,Nainital,0.7000000000000284,1.9000000000000001,3.6,98.60000000000001,0.2333333333333428,0
21.9,29.9,13.9,55,0.0,0.0,0,2022-03-22,Dehradun,0.10000000000000711,0.09999999999998935,0.1,29.6,0.033333333333335706,0
19.9,25.5,13.0,41,0.0,0.0,0,2022-03-22,Pithoragarh,0.6,3.6,3.799999999999993,31.2,0.19999999999999998,0
22.8,30.2,16.6,48,0.0,0.0,0,2022-03-22,Tehri Garhwal,0.0,0.4,0.5,53.10000000000003,0.0,0
19.8,28.8,11.5,63,0.0,0.0,1,2022-03-23,Bageshwar,0.0,1.0,1.0,24.0,0.0,0
17.8,23.3,9.5,44,0.0,0.0,2,2022-03-24,Chamoli,0.0,0.0,0.0,94.00000000000001,0.0,0
20.2,27.3,13.5,43,0.0,0.0,0,2022-03-27,Almora,0.0,0.5000000000000036,0.7000000000000001,8.8,0.0,0
24.0,33.5,15.2,54,0.0,0.0,0,2022-03-27,Haridwar,0.0,0.0,0.0,19.7,0.0,0
24.9,34.1,16.1,47,0.0,0.0,0,2022-03-30,Haridwar,0.0,0.0,0.0,0.1,0.0,0
25.0,33.2,16.3,41,0.0,0.0,0,2022-04-08,Dehradun,0.0,0.0,0.0,0.1,0.0,0
22.4,28.7,16.2,40,0.0,0.0,1,2022-04-08,Pithoragarh,0.0,0.0,0.0,6.9,0.0,0
26.8,33.8,19.7,34,0.0,0.0,2,2022-04-08,Tehri Garhwal,0.0,0.0,0.0,1.4000000000000283,0.0,0
23.8,33.9,14.1,43,0.0,0.0,1,2022-04-09,Bageshwar,0.0,0.0,0.0,1.1,0.0,0
22.3,30.6,13.2,35,0.0,0.0,1,2022-04-10,Chamoli,0.0,0.0,0.0,0.0,0.0,0
19.8,24.8,13.8,37,0.0,0.0,1,2022-04-10,Nainital,0.0,0.0,0.0,6.9,0.0,0
21.2,27.1,14.2,33,0.0,0.0,0,2022-04-17,Almora,0.0,1.8000000000000036,1.8,2.3,0.0,0
28.6,36.7,20.9,31,0.0,0.0,3,2022-04-17,Haridwar,0.0,1.300000000000025,1.2999999999999965,1.3,0.0,0
21.7,27.9,15.9,26,0.0,0.0,0,2022-04-24,Almora,0.20000000000000356,0.20000000000000356,2.0,2.0,0.06666666666666786,0
19.0,24.3,12.9,28,0.0,0.0,1,2022-04-24,Nainital,0.7000000000000284,4.4,10.4,10.399999999999999,0.2333333333333428,0
26.3,35.3,18.4,34,0.0,0.0,3,2022-04-25,Dehradun,0.0,0.09999999999998935,0.1,0.1,0.0,0
23.7,29.2,16.4,24,0.0,0.0,2,2022-04-25,Pithoragarh,0.0,1.5,8.199999999999992,8.200000000000001,0.0,0
27.5,34.4,20.0,26,0.0,0.0,3,2022-04-25,Tehri Garhwal,0.0,0.5,2.4000000000000004,2.4000000000000288,0.0,0
23.0,28.2,16.5,25,0.0,0.0,3,2022-04-26,Almora,0.0,0.20000000000000356,2.0,2.0,0.0,0
24.3,33.4,14.7,39,0.0,0.0,3,2022-04-26,Bageshwar,0.0,0.0,2.8,2.8,0.0,0
23.3,31.6,14.0,30,0.0,0.0,1,2022-04-27,Chamoli,0.0,0.2,0.7999999999999716,1.5000000000000142,0.0,0
31.6,41.6,22.4,27,0.0,0.0,1,2022-04-29,Haridwar,0.0,0.0,1.4999999999999964,2.8,0.0,0
20.8,27.5,15.7,55,0.9,0.9,53,2022-05-01,Almora,0.9000000000000036,0.9000000000000036,1.1,2.9000000000000004,0.3000000000000012,0
26.5,32.2,20.9,47,0.0,0.0,3,2022-05-01,Dehradun,0.0,0.0,0.1,0.1,0.0,0
20.8,24.5,17.0,57,3.8,3.8,63,2022-05-01,Pithoragarh,4.2,4.3999999999999995,5.8999999999999915,12.600000000000001,1.4000000000000001,0
26.8,32.7,21.6,42,0.8,0.8,53,2022-05-01,Tehri Garhwal,0.8999999999999716,0.9,1.4,3.3000000000000287,0.29999999999999055,0
23.6,30.1,16.7,63,0.0,0.0,3,2022-05-02,Bageshwar,1.4999999999999716,1.5,1.5,4.3,0.4999999999999905,0
20.2,23.9,15.8,68,7.8,7.8,63,2022-05-03,Chamoli,8.0,8.0,8.19999999999997,9.500000000000014,2.6666666666666665,0
19.7,25.4,15.4,78,1.8,1.8,53,2022-05-11,Almora,11.100000000000005,18.100000000000005,23.2,25.2,3.7000000000000015,0
17.3,21.0,14.4,79,6.0,6.0,63,2022-05-11,Nainital,19.50000000000003,30.6,54.0,64.5,6.50000000000001,0
31.4,39.3,25.1,53,0.0,0.0,2,2022-05-13,Haridwar,0.0,1.3000000000000247,9.499999999999996,11.0,0.0,0
28.8,33.9,21.8,49,0.4,0.4,51,2022-05-22,Haridwar,0.5,14.400000000000023,14.799999999999995,23.9,0.16666666666666666,0
17.0,21.3,13.3,62,11.2,11.2,63,2022-05-22,Nainital,12.500000000000028,22.1,51.8,86.39999999999999,4.166666666666676,0
22.9,28.4,18.4,67,10.2,10.2,63,2022-05-23,Dehradun,10.700000000000006,10.899999999999988,25.199999999999996,36.0,3.5666666666666687,0
15.8,18.3,13.9,81,6.8,6.8,61,2022-05-23,Pithoragarh,19.0,29.2,62.29999999999999,102.7,6.333333333333333,0
22.3,27.1,18.3,68,7.1,7.1,61,2022-05-23,Tehri Garhwal,9.599999999999971,10.5,14.1,30.80000000000003,3.1999999999999904,0
18.9,23.5,16.1,78,4.3,4.3,61,2022-05-24,Bageshwar,15.19999999999997,17.900000000000002,37.199999999999996,51.3,5.066666666666657,0
19.8,26.7,12.2,54,0.3,0.3,51,2022-05-25,Chamoli,6.5,16.2,40.49999999999998,62.40000000000001,2.1666666666666665,0
21.3,26.9,14.6,69,0.0,0.0,3,2022-05-30,Almora,6.300000000000003,22.800000000000004,48.3,75.3,2.100000000000001,0
19.0,23.7,14.3,77,0.2,0.2,51,2022-05-30,Nainital,9.700000000000028,24.7,54.599999999999994,123.6,3.2333333333333427,0
24.6,31.1,16.5,33,0.0,0.0,0,2022-06-04,Almora,0.0,1.7000000000000053,41.8,68.3,0.0,0
25.6,31.5,18.3,41,0.0,0.0,1,2022-06-12,Almora,0.0,0.0,0.0,48.6,0.0,0
31.2,38.2,25.2,36,0.0,0.0,1,2022-06-12,Dehradun,0.0,0.0,0.5,24.2,0.0,0
22.6,26.8,18.5,49,0.3,0.3,51,2022-06-12,Nainital,2.0000000000000284,2.3,2.8,62.199999999999996,0.6666666666666762,0
25.4,31.1,20.4,51,0.1,0.1,51,2022-06-12,Pithoragarh,2.0,2.3,4.5999999999999925,68.4,0.6666666666666666,0
31.6,37.0,25.7,34,0.0,0.0,1,2022-06-12,Tehri Garhwal,0.0,0.0,0.1,29.900000000000027,0.0,0
29.3,37.9,20.7,43,0.0,0.0,0,2022-06-13,Bageshwar,0.0,0.0,0.0,56.8,0.0,0
27.7,35.3,19.4,39,0.0,0.0,3,2022-06-14,Chamoli,0.0,0.0,0.0,32.10000000000001,0.0,0
26.0,32.1,19.8,50,0.1,0.1,51,2022-06-15,Almora,0.10000000000000356,0.10000000000000533,0.1,48.4,0.03333333333333452,0
27.6,32.1,22.6,69,0.0,0.0,3,2022-06-19,Haridwar,11.799999999999999,14.800000000000024,14.799999999999992,51.6,3.933333333333333,0
23.3,28.5,17.4,67,0.0,0.0,1,2022-06-23,Almora,1.6000000000000036,16.000000000000007,19.7,33.0,0.5333333333333345,0
19.7,23.6,15.5,74,1.2,1.2,53,2022-06-23,Nainital,8.200000000000028,26.6,35.7,54.0,2.7333333333333427,0
30.6,36.3,26.0,72,11.0,11.0,63,2022-06-28,Haridwar,11.8,12.100000000000025,26.89999999999999,27.4,3.9333333333333336,0
21.9,26.3,19.3,88,31.0,31.0,65,2022-06-29,Almora,40.0,62.10000000000001,81.69999999999999,81.80000000000001,13.333333333333334,0
27.9,32.2,24.5,81,28.2,28.2,63,2022-06-29,Haridwar,39.6,40.00000000000002,55.099999999999994,55.099999999999994,13.200000000000001,0
26.5,30.1,22.7,83,14.1,14.1,63,2022-07-03,Dehradun,19.299999999999997,121.79999999999998,123.19999999999999,147.7,6.433333333333333,0
21.7,25.1,18.6,86,10.3,10.3,63,2022-07-03,Pithoragarh,21.0,110.20000000000002,197.8,257.2,7.0,0
26.7,30.5,23.4,84,10.1,10.1,63,2022-07-03,Tehri Garhwal,16.39999999999997,84.50000000000001,91.2,113.00000000000003,5.466666666666657,0
26.1,32.2,21.7,83,4.3,4.3,61,2022-07-04,Bageshwar,33.89999999999996,130.0,156.3,186.6,11.299999999999988,0
24.7,30.9,21.6,82,2.7,2.7,61,2022-07-05,Chamoli,16.799999999999997,59.1,113.99999999999996,144.9,5.599999999999999,0
27.7,31.4,24.1,78,21.0,21.0,65,2022-07-07,Dehradun,29.6,68.1,171.1,196.5,9.866666666666667,0
22.1,25.4,19.1,87,20.9,20.9,63,2022-07-07,Pithoragarh,43.1,67.1,188.7,303.3,14.366666666666667,0
27.5,31.0,23.6,80,4.4,4.4,53,2022-07-07,Tehri Garhwal,14.199999999999973,35.5,108.7,132.10000000000002,4.7333333333333245,0
26.2,31.8,22.9,82,12.2,12.2,63,2022-07-08,Bageshwar,42.79999999999996,80.7,198.6,233.4,14.266666666666653,0
21.0,23.8,18.7,91,18.7,18.7,63,2022-07-09,Almora,45.60000000000001,73.4,176.2,200.6,15.200000000000003,0
22.2,25.3,20.7,94,35.7,35.7,65,2022-07-09,Chamoli,69.2,91.2,186.29999999999995,219.3,23.066666666666666,0
17.9,19.8,16.5,94,14.6,14.6,63,2022-07-09,Nainital,25.50000000000003,46.1,136.4,181.7,8.500000000000009,0
19.8,22.9,16.6,82,4.1,4.1,61,2022-07-16,Nainital,13.500000000000028,41.5,87.6,214.1,4.50000000000001,0
21.2,25.9,17.9,89,19.2,19.2,65,2022-07-22,Almora,49.60000000000001,66.4,125.6,287.8,16.533333333333335,0
25.8,29.6,22.8,86,9.6,9.6,63,2022-07-22,Dehradun,60.9,80.89999999999998,124.39999999999999,320.70000000000005,20.3,0
28.4,31.8,24.7,80,2.8,2.8,61,2022-07-22,Haridwar,67.69999999999999,80.80000000000003,127.0,283.99999999999994,22.566666666666663,0
20.8,24.4,18.0,91,14.1,14.1,65,2022-07-22,Pithoragarh,107.89999999999999,159.3,273.3,482.7,35.96666666666666,0
26.5,30.3,23.8,84,2.7,2.7,53,2022-07-22,Tehri Garhwal,41.699999999999974,59.79999999999999,130.7,250.10000000000002,13.899999999999991,0
25.9,31.7,22.1,80,2.2,2.2,55,2022-07-23,Bageshwar,9.699999999999964,70.10000000000001,182.79999999999998,416.5,3.2333333333333214,0
23.9,29.5,21.6,80,9.5,9.5,61,2022-07-24,Chamoli,15.5,95.8,169.79999999999998,376.50000000000006,5.166666666666667,0
17.7,19.7,15.9,94,9.0,9.0,63,2022-07-30,Nainital,37.60000000000003,59.9,114.60000000000001,213.2,12.533333333333344,0
18.9,23.2,15.4,88,1.6,1.6,51,2022-08-12,Nainital,12.900000000000027,48.1,130.10000000000002,249.2,4.300000000000009,0
27.3,29.9,25.1,82,0.5,0.5,51,2022-08-15,Haridwar,12.599999999999993,20.50000000000003,79.4,260.59999999999997,4.1999999999999975,0
28.4,32.2,24.6,77,0.8,0.8,51,2022-08-17,Haridwar,1.299999999999993,18.200000000000028,73.2,252.8,0.43333333333333096,0
18.1,20.9,15.7,91,53.7,53.7,65,2022-08-20,Nainital,67.90000000000003,97.30000000000001,143.7,297.1,22.633333333333344,0
29.1,32.8,26.0,78,0.6,0.6,51,2022-08-23,Haridwar,2.099999999999993,41.50000000000003,61.6,221.9,0.6999999999999976,0
28.7,33.0,25.0,79,0.0,0.0,1,2022-08-26,Haridwar,5.399999999999992,32.40000000000003,59.5,223.0,1.7999999999999974,0
28.1,33.7,22.9,72,0.0,0.0,0,2022-09-07,Haridwar,0.19999999999999302,1.9000000000000286,22.200000000000003,88.30000000000001,0.06666666666666433,0
18.0,21.4,15.2,88,1.8,1.8,53,2022-09-07,Nainital,4.500000000000027,14.999999999999998,32.800000000000004,157.0,1.5000000000000089,0
20.0,24.3,17.4,88,5.1,5.1,55,2022-09-10,Almora,8.500000000000005,18.700000000000014,35.7,153.4,2.8333333333333353,0
28.3,33.5,24.9,69,0.1,0.1,51,2022-09-11,Haridwar,4.5999999999999925,4.800000000000029,19.0,85.0,1.5333333333333308,0
17.4,20.9,13.7,88,0.4,0.4,51,2022-09-12,Nainital,9.200000000000026,17.6,31.400000000000002,154.4,3.0666666666666753,0
28.6,33.7,24.5,71,0.0,0.0,3,2022-09-13,Haridwar,0.29999999999999294,4.800000000000029,7.1,73.1,0.09999999999999765,0
17.6,21.0,15.1,87,9.4,9.4,63,2022-09-22,Nainital,21.100000000000023,139.6,207.5,248.60000000000002,7.033333333333341,0
16.7,19.3,15.2,89,11.5,11.5,63,2022-09-24,Nainital,26.00000000000002,85.50000000000001,217.6,256.9,8.666666666666673,0
23.6,29.0,19.2,80,0.2,0.2,51,2022-09-30,Dehradun,0.8999999999999999,103.1,118.19999999999996,158.0,0.3,0
19.5,23.6,16.6,81,1.9,1.9,53,2022-09-30,Pithoragarh,5.4,75.89999999999999,179.4,337.7,1.8,0
22.8,29.2,16.7,82,0.4,0.4,51,2022-09-30,Tehri Garhwal,2.8999999999999857,89.79999999999998,117.0,192.9,0.9666666666666619,0
20.8,27.1,16.5,85,2.4,2.4,61,2022-10-01,Bageshwar,2.9999999999999716,128.3,179.4,295.29999999999995,0.9999999999999906,0
20.3,25.8,14.7,64,0.2,0.2,51,2022-10-02,Chamoli,0.2,0.4,33.699999999999974,153.50000000000003,0.06666666666666667,0
15.2,19.3,11.8,89,3.6,3.6,55,2022-10-06,Nainital,7.300000000000022,21.400000000000006,103.39999999999999,314.8,2.4333333333333407,0
19.9,25.6,15.5,78,0.0,0.0,2,2022-10-12,Dehradun,25.8,46.300000000000004,50.699999999999974,180.39999999999998,8.6,0
16.3,20.6,11.6,81,5.6,5.6,61,2022-10-12,Pithoragarh,51.599999999999994,237.0,256.2,501.6,17.2,0
20.1,25.5,13.4,74,1.2,1.2,55,2022-10-12,Tehri Garhwal,23.299999999999983,61.09999999999999,65.0,197.70000000000005,7.766666666666661,0
15.3,21.5,10.3,84,0.5,0.5,51,2022-10-13,Almora,8.100000000000028,268.8,284.1,472.40000000000003,2.7000000000000095,0
18.9,25.7,13.5,73,0.3,0.3,51,2022-10-13,Bageshwar,24.49999999999997,248.90000000000003,256.4,480.0,8.166666666666657,0
16.8,23.7,10.9,59,0.0,0.0,0,2022-10-14,Chamoli,0.6,99.8,107.29999999999995,159.0,0.19999999999999998,0
21.1,27.9,15.7,69,0.0,0.0,0,2022-10-23,Haridwar,0.0,0.0,9.600000000000014,221.9,0.0,0
19.2,25.7,14.1,79,0.0,0.0,3,2022-11-06,Dehradun,0.0,0.4,0.39999999999996805,47.30000000000002,0.0,0
15.9,20.7,12.0,74,0.0,0.0,3,2022-11-06,Pithoragarh,1.8,2.4000000000000004,2.499999999999986,210.0,0.6,0
20.4,26.3,16.5,66,0.0,0.0,3,2022-11-06,Tehri Garhwal,0.0,0.0,0.0,66.40000000000002,0.0,0
16.8,25.1,12.0,73,0.0,0.0,3,2022-11-07,Bageshwar,0.0,0.0,0.0,191.89999999999998,0.0,0
14.6,21.5,7.2,49,0.0,0.0,3,2022-11-08,Chamoli,0.0,0.0,0.0,15.200000000000014,0.0,0
16.0,23.1,11.3,72,0.1,0.1,51,2022-11-10,Dehradun,0.2,0.2,0.5999999999999681,1.9000000000000108,0.06666666666666667,0
14.1,18.2,10.5,60,0.1,0.1,51,2022-11-10,Pithoragarh,1.6,3.4,4.099999999999985,19.4,0.5333333333333333,0
17.7,21.9,14.1,58,0.2,0.2,51,2022-11-10,Tehri Garhwal,0.5999999999999863,0.5999999999999828,0.6000000000000001,7.900000000000028,0.19999999999999543,0
13.0,18.9,5.7,59,0.0,0.0,0,2022-11-11,Almora,0.0,0.7000000000000284,0.7999999999999999,3.8000000000000282,0.0,0
14.0,22.2,6.8,67,0.0,0.0,0,2022-11-11,Bageshwar,0.1999999999999716,0.2,0.2,5.000000000000001,0.0666666666666572,0
10.5,15.0,6.4,65,0.3,0.3,51,2022-11-11,Nainital,0.9000000000000283,2.000000000000029,4.5,12.200000000000001,0.3000000000000094,0
14.1,20.1,7.9,40,0.0,0.0,0,2022-11-12,Chamoli,0.0,0.0,0.0,2.1000000000000143,0.0,0
11.0,15.7,6.2,59,0.0,0.0,0,2022-11-12,Nainital,0.3000000000000284,0.9000000000000286,3.9000000000000004,10.8,0.10000000000000947,0
16.0,21.8,9.1,67,0.0,0.0,2,2022-11-24,Dehradun,0.0,0.0,1.299999999999968,1.9000000000000108,0.0,0
13.3,19.8,9.0,64,0.0,0.0,0,2022-11-24,Pithoragarh,0.0,0.0,0.0999999999999858,4.2,0.0,0
16.6,23.7,10.1,63,0.0,0.0,1,2022-11-24,Tehri Garhwal,0.0,0.0,3.0,3.600000000000028,0.0,0
14.7,22.8,9.3,65,0.0,0.0,0,2022-11-25,Bageshwar,0.0,0.0,0.5,0.7000000000000001,0.0,0
16.5,24.3,10.9,72,0.0,0.0,1,2022-11-25,Haridwar,0.0,0.0,0.5000000000000142,5.2,0.0,0
14.1,22.5,7.3,46,0.0,0.0,2,2022-11-26,Chamoli,0.0,0.0,1.1999999999999715,1.2000000000000142,0.0,0
9.0,14.5,5.1,83,0.0,0.0,3,2022-12-02,Nainital,0.0,0.0,0.0,2.7,0.0,0
14.5,20.8,10.4,83,0.0,0.0,3,2022-12-03,Dehradun,0.0,0.0,0.0,1.5000000000000107,0.0,0
12.7,17.7,8.2,64,0.0,0.0,3,2022-12-03,Pithoragarh,0.0,0.0,0.0,3.5,0.0,0
15.2,22.1,9.5,77,0.0,0.0,3,2022-12-03,Tehri Garhwal,0.0,0.0,0.0,3.600000000000028,0.0,0
12.8,22.3,6.7,76,0.0,0.0,3,2022-12-04,Bageshwar,0.0,0.0,0.0,0.7000000000000001,0.0,0
11.0,19.0,4.0,48,0.0,0.0,0,2022-12-05,Chamoli,0.0,0.0,0.0,1.2000000000000142,0.0,0
13.6,20.7,7.4,81,0.0,0.0,0,2022-12-08,Haridwar,0.0,0.0,0.0,5.2,0.0,0
10.9,16.3,5.9,50,0.0,0.0,0,2022-12-09,Nainital,0.0,0.0,0.0,0.6,0.0,0
11.1,17.7,6.3,57,0.0,0.0,0,2022-12-22,Dehradun,0.0,0.0,0.0,0.0,0.0,0
11.2,15.2,6.5,41,0.0,0.0,0,2022-12-22,Pithoragarh,0.0,0.0,0.0,0.0,0.0,0
12.4,18.3,7.5,50,0.0,0.0,0,2022-12-22,Tehri Garhwal,0.0,0.0,0.0,0.0,0.0,0
10.4,18.4,5.5,54,0.0,0.0,0,2022-12-23,Bageshwar,0.0,0.0,0.0,0.0,0.0,0
7.8,15.6,2.0,55,1.0,1.0,53,2022-12-24,Chamoli,1.0,1.0000000000000002,0.9999999999999716,1.0000000000000142,0.3333333333333333,0
7.6,12.6,1.2,49,0.0,0.0,3,2022-12-29,Nainital,0.0,0.7000000000000286,0.7,0.7,0.0,0
9.0,16.9,3.5,78,0.0,0.0,1,2023-01-04,Dehradun,0.0,1.4000000000000001,1.3999999999999682,1.4000000000000108,0.0,0
7.7,12.7,3.4,49,0.0,0.0,0,2023-01-04,Pithoragarh,0.0,0.0,1.8999999999999857,1.9,0.0,0
10.0,17.3,3.3,64,0.0,0.0,3,2023-01-04,Tehri Garhwal,0.8999999999999858,7.099999999999983,7.4,7.400000000000028,0.29999999999999527,0
8.3,18.7,0.7,61,0.0,0.0,0,2023-01-05,Bageshwar,0.0,0.1,1.1,1.1,0.0,0
8.6,17.4,2.1,39,0.0,0.0,3,2023-01-06,Chamoli,0.0,0.0,1.0999999999999717,1.1000000000000143,0.0,0
12.2,17.5,7.8,65,1.1,1.1,55,2023-01-12,Dehradun,2.3,2.3,2.3999999999999684,3.700000000000011,0.7666666666666666,0
9.5,14.0,6.0,54,0.0,0.0,3,2023-01-12,Pithoragarh,0.0,0.0,0.0,1.9,0.0,0
13.7,18.3,10.2,60,2.6,2.6,55,2023-01-12,Tehri Garhwal,2.599999999999986,2.5999999999999823,8.3,10.000000000000028,0.8666666666666619,0
10.7,17.1,5.9,69,6.5,6.5,63,2023-01-13,Bageshwar,6.499999999999972,6.5,6.5,7.6,2.166666666666657,0
8.5,15.6,3.8,69,0.0,0.0,3,2023-01-14,Almora,1.2000000000000284,1.2000000000000284,1.2,1.3000000000000285,0.40000000000000946,0
7.7,13.1,3.3,64,5.1,2.3,75,2023-01-14,Chamoli,6.3,6.3,6.299999999999971,7.400000000000014,2.1,0
6.1,14.3,0.7,76,0.0,0.0,0,2023-01-17,Almora,0.0,1.2000000000000284,1.2,1.3000000000000285,0.0,0
14.9,20.1,11.0,86,5.2,5.2,61,2023-01-25,Haridwar,11.999999999999993,16.900000000000027,23.400000000000016,25.8,3.999999999999998,0
16.1,23.7,10.8,64,0.0,0.0,0,2023-02-07,Haridwar,0.0,0.0,17.200000000000017,36.3,0.0,0
5.3,9.3,1.8,54,0.0,0.0,0,2023-02-12,Nainital,1.5000000000000284,1.8000000000000305,12.3,29.7,0.5000000000000094,0
20.7,29.9,13.8,61,0.0,0.0,3,2023-02-20,Haridwar,0.0,0.0,0.0,24.0,0.0,0
18.6,25.6,12.6,59,0.1,0.1,51,2023-02-21,Dehradun,0.1,0.1,18.69999999999997,44.500000000000014,0.03333333333333333,0
15.5,20.1,11.2,55,4.8,4.8,61,2023-02-21,Pithoragarh,4.8,4.8,6.499999999999986,39.8,1.5999999999999999,0
17.3,22.1,14.5,65,4.2,4.2,53,2023-02-21,Tehri Garhwal,4.199999999999986,4.199999999999986,14.799999999999994,83.90000000000002,1.3999999999999952,0
14.8,23.3,6.8,64,0.0,0.0,3,2023-02-22,Bageshwar,1.4999999999999716,1.4999999999999982,9.6,26.6,0.4999999999999905,0
16.5,24.3,10.8,62,0.0,0.0,3,2023-02-22,Dehradun,0.1,0.1,18.699999999999967,44.500000000000014,0.03333333333333333,0
14.3,19.2,8.0,48,0.0,0.0,3,2023-02-22,Pithoragarh,4.8,4.8,6.499999999999986,39.8,1.5999999999999999,0
16.1,23.1,8.0,67,0.0,0.0,3,2023-02-22,Tehri Garhwal,4.199999999999986,4.199999999999986,14.799999999999994,83.90000000000002,1.3999999999999952,0
14.3,24.1,5.7,59,0.0,0.0,1,2023-02-23,Bageshwar,1.4999999999999716,1.4999999999999982,9.6,23.8,0.4999999999999905,0
12.4,20.7,5.0,44,0.0,0.0,1,2023-02-23,Chamoli,1.4,1.4,77.49999999999997,114.60000000000002,0.4666666666666666,0
13.4,21.5,3.7,40,0.0,0.0,1,2023-02-24,Chamoli,0.0,1.4,10.799999999999972,105.20000000000002,0.0,0
14.7,22.6,6.9,53,0.1,0.1,51,2023-02-25,Almora,0.10000000000002843,1.0000000000000284,1.0,6.100000000000028,0.03333333333334281,0
17.2,25.7,10.1,70,0.0,0.0,0,2023-02-25,Haridwar,0.0,0.10000000000002843,0.10000000000001422,12.100000000000001,0.0,0
19.6,25.9,14.4,71,0.1,0.1,51,2023-03-19,Haridwar,14.499999999999993,14.500000000000028,14.500000000000014,14.7,4.833333333333331,0
9.3,13.7,4.4,79,3.5,3.5,61,2023-03-19,Nainital,17.700000000000028,24.20000000000003,35.3,42.8,5.900000000000009,0
19.0,26.6,11.7,71,0.0,0.0,3,2023-03-23,Haridwar,32.89999999999999,63.10000000000003,63.100000000000016,63.199999999999996,10.966666666666663,0
18.1,25.1,12.8,69,0.0,0.0,3,2023-03-24,Dehradun,0.0,42.8,44.29999999999997,48.500000000000014,0.0,0
14.9,19.6,11.3,63,0.1,0.1,51,2023-03-24,Pithoragarh,2.6,37.9,53.69999999999999,61.20000000000001,0.8666666666666667,0
18.3,24.0,14.1,66,0.1,0.1,51,2023-03-24,Tehri Garhwal,1.199999999999986,47.69999999999999,51.2,59.60000000000002,0.3999999999999953,0
16.3,22.3,12.2,75,10.5,10.5,63,2023-03-25,Bageshwar,10.999999999999972,39.599999999999994,58.400000000000006,62.400000000000006,3.666666666666657,0
13.2,20.7,6.9,65,0.0,0.0,3,2023-03-26,Chamoli,8.5,19.400000000000002,35.799999999999976,41.90000000000002,2.8333333333333335,0
13.3,17.1,9.7,50,0.8,0.8,51,2023-03-29,Nainital,0.8000000000000285,6.400000000000028,62.1,85.89999999999999,0.26666666666667616,0
28.3,35.0,22.4,36,0.4,0.4,51,2023-04-19,Haridwar,0.3999999999999929,0.4000000000000391,0.40000000000002134,70.89999999999999,0.13333333333333097,0
17.4,24.2,11.5,64,0.0,0.0,3,2023-05-06,Almora,2.4000000000000283,34.400000000000034,44.2,48.50000000000003,0.8000000000000095,0
15.4,20.7,10.9,62,0.3,0.3,51,2023-05-06,Nainital,3.6000000000000285,49.40000000000003,76.39999999999999,92.6,1.2000000000000095,0
22.0,30.1,15.3,49,3.6,3.6,61,2023-05-08,Dehradun,4.0,25.900000000000002,42.599999999999966,46.80000000000001,1.3333333333333333,0
19.0,22.5,15.4,44,0.6,0.6,53,2023-05-08,Pithoragarh,3.2000000000000015,31.9,63.09999999999999,87.70000000000002,1.066666666666667,0
21.4,27.2,16.0,51,0.5,0.5,51,2023-05-08,Tehri Garhwal,1.1999999999999857,26.599999999999984,51.89999999999999,59.90000000000002,0.39999999999999525,0
19.6,27.3,10.9,54,0.1,0.1,51,2023-05-09,Bageshwar,1.5999999999999717,15.299999999999999,53.7,64.3,0.5333333333333239,0
18.8,25.2,9.6,44,0.0,0.0,0,2023-05-10,Chamoli,0.2,0.7,32.49999999999997,41.500000000000014,0.06666666666666667,0
17.3,21.9,13.1,63,0.9,0.9,51,2023-06-01,Nainital,23.100000000000026,31.200000000000024,72.60000000000001,88.19999999999999,7.700000000000009,0
26.8,31.9,21.6,51,0.0,0.0,2,2023-06-08,Tehri Garhwal,1.3999999999999893,4.2999999999999865,43.69999999999999,61.10000000000002,0.46666666666666307,2
20.9,24.9,17.4,71,7.2,7.2,61,2023-06-18,Nainital,7.800000000000029,11.900000000000029,23.7,96.6,2.60000000000001,0
23.3,28.1,19.8,73,0.7,0.7,51,2023-06-20,Almora,10.400000000000029,10.600000000000032,11.2,49.70000000000003,3.466666666666676,0
21.3,25.4,19.7,90,21.4,21.4,63,2023-06-25,Almora,29.50000000000003,40.10000000000003,48.4,62.800000000000026,9.833333333333343,0
28.2,33.2,24.6,80,10.5,10.5,63,2023-06-30,Haridwar,30.39999999999999,98.10000000000004,135.40000000000003,140.1,10.133333333333331,0
28.1,31.9,23.4,80,5.7,5.7,63,2023-07-05,Haridwar,24.699999999999996,64.60000000000004,160.50000000000003,176.6,8.233333333333333,0
27.8,31.2,24.9,83,1.6,1.6,53,2023-07-06,Haridwar,23.899999999999995,53.20000000000003,147.70000000000002,178.20000000000002,7.966666666666665,0
22.2,27.8,19.4,86,11.3,11.3,63,2023-07-15,Almora,23.200000000000024,76.10000000000002,104.4,212.00000000000003,7.733333333333341,0
26.1,29.6,23.8,87,5.7,5.7,61,2023-07-15,Dehradun,20.8,57.5,83.99999999999997,250.3,6.933333333333334,0
21.0,24.3,18.5,91,17.5,17.5,63,2023-07-15,Pithoragarh,51.2,108.4,199.6,365.79999999999995,17.066666666666666,0
26.2,32.0,22.8,83,14.2,14.2,63,2023-07-16,Bageshwar,54.99999999999997,126.8,225.89999999999998,389.2,18.333333333333325,0
27.0,30.9,24.3,85,10.3,10.3,61,2023-07-16,Tehri Garhwal,24.69999999999999,75.49999999999999,137.1,269.3,8.233333333333329,0
24.0,28.4,21.4,83,6.8,6.8,61,2023-07-17,Chamoli,23.2,42.8,99.79999999999997,201.9,7.733333333333333,0
28.2,32.3,25.3,78,4.1,4.1,63,2023-07-21,Dehradun,7.0,36.400000000000006,99.19999999999997,248.20000000000002,2.3333333333333335,0
22.1,26.0,19.0,87,7.5,7.5,63,2023-07-21,Pithoragarh,25.1,81.1,195.6,406.9,8.366666666666667,0
25.0,30.4,22.7,87,45.4,45.4,65,2023-07-22,Bageshwar,74.89999999999998,139.20000000000002,271.0,505.29999999999995,24.966666666666658,0
26.8,30.0,23.7,83,19.3,19.3,63,2023-07-22,Tehri Garhwal,44.49999999999999,81.6,158.09999999999997,305.1,14.83333333333333,0
24.0,27.5,21.8,80,1.9,1.9,53,2023-07-23,Chamoli,24.099999999999998,57.99999999999999,94.99999999999997,234.00000000000003,8.033333333333333,0
21.8,25.5,18.6,84,9.1,9.1,61,2023-07-27,Almora,17.900000000000023,74.70000000000002,115.5,253.10000000000002,5.966666666666675,0
21.6,27.1,17.4,87,2.1,2.1,55,2023-07-30,Almora,18.400000000000023,53.40000000000003,110.80000000000001,234.50000000000003,6.133333333333341,0
28.7,32.5,25.2,83,0.8,0.8,53,2023-07-30,Haridwar,5.199999999999993,39.30000000000003,81.40000000000002,259.4,1.733333333333331,0
29.1,32.7,25.8,83,1.0,1.0,51,2023-07-31,Haridwar,4.299999999999993,39.000000000000036,78.10000000000001,249.2,1.433333333333331,0
25.9,30.8,22.7,87,8.2,8.2,55,2023-08-08,Dehradun,18.700000000000003,59.1,100.69999999999996,226.70000000000002,6.233333333333334,0
20.8,25.4,18.0,90,9.0,9.0,61,2023-08-08,Pithoragarh,40.400000000000006,76.6,159.89999999999998,367.8,13.466666666666669,0
21.2,25.1,19.0,92,6.4,6.4,63,2023-08-09,Almora,13.800000000000024,37.80000000000003,86.39999999999999,224.50000000000003,4.600000000000008,0
25.3,30.0,23.3,87,8.7,8.7,61,2023-08-09,Bageshwar,43.69999999999996,87.69999999999999,162.6,474.40000000000003,14.566666666666654,0
26.4,30.4,23.7,86,2.9,2.9,53,2023-08-09,Tehri Garhwal,53.39999999999999,76.6,124.69999999999999,270.00000000000006,17.799999999999997,0
22.9,26.9,20.5,90,8.6,8.6,63,2023-08-10,Chamoli,35.900000000000006,110.8,154.49999999999997,342.6,11.966666666666669,0
26.8,31.4,23.9,86,4.1,4.1,61,2023-08-24,Haridwar,77.2,89.70000000000003,182.8,264.0,25.733333333333334,0
17.7,20.5,15.7,94,9.4,9.4,61,2023-08-24,Nainital,92.10000000000005,112.00000000000001,246.2,374.3,30.700000000000017,0
18.5,23.8,14.4,85,3.5,3.5,61,2023-09-04,Nainital,8.200000000000042,14.400000000000015,116.39999999999999,304.99999999999994,2.733333333333347,0
27.1,32.9,21.6,68,0.3,0.3,51,2023-09-07,Dehradun,0.5,2.5000000000000004,23.899999999999974,320.6,0.16666666666666666,2
27.4,31.0,25.5,85,7.8,7.8,63,2023-09-17,Haridwar,15.100000000000001,22.80000000000003,106.40000000000002,213.50000000000003,5.033333333333334,0
16.8,21.0,13.2,85,0.1,0.1,51,2023-09-26,Nainital,2.5000000000000426,13.800000000000015,55.79999999999999,150.0,0.8333333333333476,0
26.3,32.4,20.5,75,0.0,0.0,0,2023-09-29,Haridwar,0.0,0.8000000000000285,15.400000000000015,114.4,0.0,0
25.5,31.6,19.9,71,0.0,0.0,0,2023-10-04,Haridwar,0.0,0.10000000000002843,2.2000000000000144,113.60000000000001,0.0,0
25.9,32.0,20.5,70,0.0,0.0,0,2023-10-07,Haridwar,0.0,0.10000000000002843,0.5000000000000142,113.4,0.0,0
26.1,31.8,20.7,71,0.0,0.0,0,2023-10-08,Haridwar,0.0,0.0,0.10000000000001422,113.4,0.0,0
13.5,17.4,10.9,59,1.0,1.0,55,2023-10-25,Nainital,1.900000000000039,3.500000000000014,16.299999999999986,63.6,0.6333333333333463,0
16.1,21.0,12.2,60,0.0,0.0,0,2023-10-27,Pithoragarh,0.8000000000000214,1.8,17.599999999999994,49.400000000000006,0.26666666666667377,0
16.9,25.9,10.0,71,0.0,0.0,2,2023-10-28,Bageshwar,0.0,1.0,8.5,21.8,0.0,0
19.1,25.5,14.5,69,0.0,0.0,3,2023-10-28,Dehradun,0.0,0.2,8.999999999999972,9.300000000000013,0.0,0
19.8,25.9,13.9,70,0.0,0.0,3,2023-10-28,Tehri Garhwal,0.0,0.39999999999998403,7.699999999999987,22.20000000000003,0.0,0
16.4,22.8,11.3,55,0.0,0.0,3,2023-10-29,Chamoli,0.0,0.5,2.4999999999999716,11.900000000000015,0.0,0
15.4,19.6,12.0,70,1.8,1.8,55,2023-11-03,Pithoragarh,1.8000000000000214,2.9,4.699999999999993,23.1,0.6000000000000071,0
13.8,19.9,7.9,64,0.0,0.0,0,2023-11-04,Almora,1.3000000000000267,1.3000000000000285,5.5,15.80000000000003,0.43333333333334223,0
15.6,24.5,8.6,71,0.0,0.0,0,2023-11-04,Bageshwar,0.7999999999999539,1.0,2.0,9.6,0.2666666666666513,0
17.8,25.2,12.7,69,0.0,0.0,3,2023-11-04,Dehradun,0.0,0.0,0.1999999999999716,9.300000000000013,0.0,0
18.8,24.7,12.5,65,0.0,0.0,2,2023-11-04,Tehri Garhwal,0.0,0.0,0.3999999999999858,7.7000000000000295,0.0,0
15.0,22.4,8.9,49,0.0,0.0,0,2023-11-05,Chamoli,0.0,0.0,0.4999999999999716,4.600000000000014,0.0,0
14.3,19.8,9.1,75,0.0,0.0,3,2023-11-07,Pithoragarh,0.0,1.8,3.699999999999993,20.900000000000002,0.0,2
15.8,24.9,8.8,75,0.0,0.0,1,2023-11-08,Bageshwar,0.0,0.8,1.0,9.6,0.0,0
17.8,24.6,12.4,70,0.0,0.0,0,2023-11-08,Dehradun,0.0,0.0,0.0,9.300000000000013,0.0,0
15.3,20.4,11.2,64,0.0,0.0,0,2023-11-08,Pithoragarh,0.0,1.8,3.0999999999999925,20.900000000000002,0.0,0
19.1,24.9,12.2,70,0.0,0.0,2,2023-11-08,Tehri Garhwal,0.0,0.0,0.0,7.7000000000000295,0.0,0
14.7,21.5,8.4,55,0.0,0.0,3,2023-11-09,Chamoli,0.0,0.0,0.0,4.400000000000015,0.0,0
11.2,15.4,8.5,68,3.4,3.4,53,2023-11-10,Nainital,3.500000000000039,4.400000000000015,10.199999999999985,27.0,1.1666666666666796,0
14.0,20.3,9.1,76,0.0,0.0,3,2023-11-14,Almora,0.0,6.600000000000028,7.9,22.00000000000003,0.0,0
12.0,15.9,8.3,78,0.0,0.0,3,2023-11-14,Nainital,0.0,8.900000000000015,12.999999999999986,31.0,0.0,0
11.9,16.3,6.4,68,0.0,0.0,3,2023-11-17,Nainital,0.10000000000003909,5.500000000000014,9.899999999999986,19.7,0.033333333333346364,0
18.7,25.2,14.0,78,0.0,0.0,0,2023-11-19,Haridwar,0.0,0.0,4.300000000000014,4.3,0.0,0
18.5,24.6,13.9,79,0.0,0.0,1,2023-11-20,Haridwar,0.0,0.0,4.300000000000014,4.3,0.0,0
13.0,20.8,7.3,60,0.0,0.0,3,2023-11-22,Almora,0.0,0.0,6.6000000000000005,10.60000000000003,0.0,0
14.0,24.0,6.5,70,0.0,0.0,0,2023-11-22,Bageshwar,0.0,0.0,3.2,4.5,0.0,0
17.0,22.5,10.8,66,0.0,0.0,1,2023-11-22,Dehradun,0.0,0.0,5.199999999999972,5.200000000000014,0.0,0
13.3,20.0,6.0,66,0.0,0.0,2,2023-11-22,Pithoragarh,0.0,0.0,5.199999999999993,8.9,0.0,0
17.0,24.5,10.2,65,0.0,0.0,0,2023-11-22,Tehri Garhwal,0.0,0.0,5.899999999999986,5.900000000000029,0.0,0
14.4,21.5,8.4,47,0.0,0.0,0,2023-11-23,Chamoli,0.0,0.0,2.0999999999999712,2.100000000000014,0.0,0
8.3,12.8,5.0,53,0.0,0.0,3,2023-12-15,Nainital,0.0,0.5000000000000142,4.699999999999986,10.3,0.0,0
9.1,15.4,2.4,62,0.0,0.0,3,2023-12-21,Nainital,0.0,0.0,0.4999999999999858,10.099999999999998,0.0,0
14.1,21.5,7.5,76,0.0,0.0,3,2023-12-22,Haridwar,0.0,0.0,0.0,13.899999999999999,0.0,0
8.6,14.3,3.3,57,0.0,0.0,3,2023-12-22,Nainital,0.0,0.0,0.4999999999999858,10.099999999999998,0.0,0
7.0,12.9,2.8,79,0.0,0.0,3,2023-12-28,Nainital,0.0,0.0,0.0,9.399999999999999,0.0,0
6.5,11.7,2.9,67,1.2,1.2,53,2024-01-06,Nainital,1.200000000000039,1.2000000000000142,1.1999999999999857,1.7,0.400000000000013,0
10.2,21.0,2.4,65,0.0,0.0,0,2024-01-10,Bageshwar,0.0,0.0,0.0,0.0,0.0,0
10.1,18.7,5.4,69,0.0,0.0,1,2024-01-10,Dehradun,0.0,0.0,0.0,0.3000000000000142,0.0,0
9.9,15.6,5.2,48,0.0,0.0,0,2024-01-10,Pithoragarh,0.0,0.0,0.0,0.0,0.0,0
11.9,21.2,3.9,69,0.0,0.0,0,2024-01-10,Tehri Garhwal,0.0,0.0,0.0,0.6000000000000284,0.0,0
11.8,19.4,4.6,33,0.0,0.0,0,2024-01-11,Chamoli,0.0,0.0,0.0,0.0,0.0,0
6.0,14.5,-0.9,79,0.0,0.0,3,2024-01-20,Almora,0.0,0.40000000000002844,0.4,0.40000000000002844,0.0,0
8.9,17.4,2.1,62,0.0,0.0,0,2024-01-24,Bageshwar,0.0,0.4,0.8,0.8,0.0,0
10.4,16.9,5.4,62,0.0,0.0,0,2024-01-24,Dehradun,0.0,0.0,0.0,0.0,0.0,0
7.7,13.0,3.7,51,0.0,0.0,0,2024-01-24,Pithoragarh,0.0,0.0,0.09999999999999268,0.10000000000000023,0.0,0
11.1,17.4,5.8,74,0.0,0.0,1,2024-01-24,Tehri Garhwal,0.0,0.29999999999998395,0.39999999999998576,0.4000000000000284,0.0,0
10.0,15.2,5.6,45,0.0,0.0,3,2024-01-25,Chamoli,0.0,0.0,0.0,0.0,0.0,0
5.6,10.7,2.6,44,0.0,0.0,3,2024-01-26,Nainital,0.0,0.0,1.3999999999999857,3.0999999999999996,0.0,0
6.5,12.5,2.9,56,0.0,0.0,2,2024-01-27,Nainital,0.0,0.0,1.3999999999999857,3.0999999999999996,0.0,0
10.4,17.7,3.2,61,0.0,0.0,3,2024-02-12,Almora,0.10000000000002665,0.10000000000002843,17.200000000000003,17.60000000000003,0.033333333333342215,0
8.1,14.1,3.1,72,29.9,28.8,73,2024-02-19,Nainital,29.900000000000038,30.700000000000014,31.399999999999984,70.3,9.96666666666668,0
11.6,16.6,7.5,55,0.1,0.1,51,2024-03-16,Nainital,0.30000000000002847,0.5000000000000142,63.59999999999999,186.79999999999998,0.10000000000000948,0
16.5,27.2,6.2,57,0.0,0.0,0,2024-03-20,Bageshwar,0.0,1.0,1.9,83.89999999999999,0.0,0
19.1,28.1,11.5,48,0.0,0.0,3,2024-03-20,Dehradun,0.0,0.2,1.4999999999999716,63.500000000000014,0.0,0
15.7,22.5,9.5,41,0.0,0.0,0,2024-03-20,Pithoragarh,0.7000000000000213,0.7,1.5999999999999928,79.60000000000001,0.23333333333334041,0
18.7,27.3,8.9,53,0.0,0.0,0,2024-03-20,Tehri Garhwal,0.0,0.3999999999999787,1.9999999999999858,126.60000000000002,0.0,0
15.5,19.5,12.3,53,0.0,0.0,3,2024-03-21,Chamoli,0.2,0.2,2.6999999999999718,116.8,0.06666666666666667,0
15.5,20.1,10.3,60,0.0,0.0,3,2024-03-27,Nainital,0.0,6.900000000000014,7.799999999999985,106.60000000000001,0.0,0
22.3,31.5,13.8,53,0.0,0.0,3,2024-03-29,Bageshwar,0.0,0.1,0.29999999999999993,60.1,0.0,0
23.8,29.9,17.6,51,0.0,0.0,3,2024-03-29,Dehradun,0.0,1.2,2.1999999999999718,37.90000000000001,0.0,0
20.9,28.8,13.6,55,0.0,0.0,3,2024-03-29,Pithoragarh,0.10000000000002132,1.5000000000000002,7.699999999999992,74.60000000000001,0.03333333333334044,0
24.9,31.2,17.1,42,0.0,0.0,3,2024-03-29,Tehri Garhwal,0.0,0.6999999999999789,2.499999999999986,89.20000000000002,0.0,0
17.2,22.6,12.4,53,0.6,0.6,51,2024-03-30,Chamoli,0.6,1.2,12.89999999999997,123.30000000000001,0.19999999999999998,0
20.8,30.8,12.2,45,0.0,0.0,3,2024-04-03,Bageshwar,0.0,2.8,3.0999999999999996,5.0,0.0,0
21.7,29.6,14.9,45,0.0,0.0,3,2024-04-03,Dehradun,0.0,8.1,10.19999999999997,11.700000000000014,0.0,0
20.5,26.5,14.4,25,0.0,0.0,3,2024-04-03,Pithoragarh,0.0,0.9999999999999999,7.999999999999993,9.6,0.0,0
23.0,29.8,15.5,46,0.0,0.0,3,2024-04-03,Tehri Garhwal,0.0999999999999858,4.699999999999979,7.199999999999986,9.400000000000029,0.0333333333333286,0
18.0,26.0,10.9,47,0.0,0.0,3,2024-04-04,Chamoli,0.0,0.8,12.899999999999972,15.700000000000001,0.0,0
19.7,25.7,13.3,29,0.0,0.0,2,2024-04-26,Nainital,0.0,0.0,0.8999999999999859,18.2,0.0,0
21.8,28.7,14.0,46,0.0,0.0,2,2024-05-14,Almora,1.0000000000000266,9.500000000000028,10.8,13.20000000000003,0.3333333333333422,0
23.2,30.3,15.0,33,0.0,0.0,3,2024-05-15,Almora,0.0,6.300000000000028,10.8,13.000000000000028,0.0,0
21.4,25.1,17.7,27,0.0,0.0,2,2024-05-15,Nainital,0.5000000000000284,23.500000000000014,31.599999999999987,35.2,0.16666666666667615,0
21.7,26.5,15.5,34,0.0,0.0,1,2024-05-16,Nainital,0.0,19.500000000000014,31.599999999999987,35.2,0.0,0
18.9,22.8,14.8,73,2.3,2.3,61,2024-05-22,Nainital,5.600000000000028,5.600000000000014,29.099999999999987,40.3,1.866666666666676,0
25.0,31.7,18.8,72,3.5,3.5,61,2024-05-23,Bageshwar,5.499999999999954,5.5,14.9,25.8,1.833333333333318,0
27.4,33.5,23.3,64,6.1,6.1,63,2024-05-23,Dehradun,6.8,7.0,23.099999999999973,29.30000000000001,2.2666666666666666,0
20.7,26.2,17.4,79,10.7,10.7,63,2024-05-23,Pithoragarh,25.90000000000002,27.8,43.3,60.400000000000006,8.63333333333334,0
26.5,32.0,22.2,72,2.6,2.6,55,2024-05-23,Tehri Garhwal,4.999999999999986,4.99999999999998,7.499999999999986,10.900000000000029,1.6666666666666619,0
24.4,29.9,18.7,65,0.6,0.6,51,2024-05-24,Chamoli,8.2,8.6,12.799999999999972,17.2,2.733333333333333,0
31.9,39.2,23.8,33,0.0,0.0,1,2024-06-18,Bageshwar,0.0,0.0,0.0,8.899999999999999,0.0,0
33.8,39.4,26.6,31,0.0,0.0,1,2024-06-18,Dehradun,0.0,0.0,0.0,13.300000000000015,0.0,0
28.1,34.6,23.3,41,0.0,0.0,2,2024-06-18,Pithoragarh,0.10000000000002132,0.1,1.899999999999993,41.4,0.03333333333334044,0
33.5,39.2,26.6,37,0.0,0.0,1,2024-06-18,Tehri Garhwal,0.0,0.0,1.2999999999999858,13.000000000000028,0.0,0
26.8,34.5,20.7,46,2.7,2.7,61,2024-06-19,Chamoli,2.6999999999999993,2.7,2.6999999999999718,15.600000000000001,0.8999999999999998,0
18.8,20.8,17.2,92,11.7,11.7,63,2024-06-27,Nainital,24.200000000000028,49.40000000000002,52.19999999999999,58.0,8.066666666666675,0
23.3,25.4,22.0,93,85.2,85.2,65,2024-07-06,Bageshwar,136.59999999999997,323.79999999999995,390.3,396.0,45.533333333333324,0
21.6,22.5,20.5,91,27.3,27.3,63,2024-07-06,Chamoli,69.8,146.8,192.49999999999997,198.8,23.266666666666666,0
24.9,30.0,22.7,90,11.8,11.8,65,2024-07-06,Dehradun,75.7,141.60000000000002,189.79999999999998,190.50000000000003,25.233333333333334,0
19.6,22.7,18.7,96,57.9,57.9,63,2024-07-06,Pithoragarh,170.1,248.4,334.4,364.9,56.699999999999996,0
25.0,26.9,22.8,89,11.8,11.8,61,2024-07-06,Tehri Garhwal,65.79999999999998,119.19999999999999,159.29999999999998,159.50000000000003,21.933333333333326,0
26.7,32.6,23.5,85,11.3,11.3,63,2024-07-24,Bageshwar,68.89999999999998,157.20000000000002,243.60000000000002,715.8,22.966666666666658,0
24.0,27.7,21.2,87,10.1,10.1,61,2024-07-24,Chamoli,80.39999999999999,210.8,243.89999999999998,447.2,26.799999999999997,0
27.0,30.8,24.3,84,1.3,1.3,51,2024-07-24,Dehradun,54.5,104.8,163.49999999999997,354.1,18.166666666666668,0
22.1,26.2,19.6,89,9.4,9.4,61,2024-07-24,Pithoragarh,55.5,121.19999999999999,208.09999999999997,736.1999999999999,18.5,0
27.8,32.1,24.9,81,3.6,3.6,55,2024-07-24,Tehri Garhwal,29.79999999999999,87.89999999999998,128.79999999999998,300.20000000000005,9.93333333333333,0
23.4,26.3,21.6,90,34.2,34.2,65,2024-07-25,Chamoli,88.69999999999999,191.6,263.0,479.8,29.566666666666663,0
23.7,29.2,20.6,84,3.7,3.7,61,2024-07-28,Almora,27.90000000000003,67.70000000000003,136.0,649.6,9.30000000000001,0
27.9,33.4,24.1,80,4.6,4.6,63,2024-07-28,Bageshwar,60.49999999999997,150.2,294.70000000000005,757.0,20.166666666666657,0
26.7,31.1,23.6,70,0.2,0.2,51,2024-07-28,Chamoli,32.4,147.0,290.99999999999994,473.90000000000003,10.799999999999999,0
29.2,33.8,25.5,76,1.1,1.1,51,2024-07-28,Dehradun,16.5,83.8,186.29999999999998,354.20000000000005,5.5,0
23.3,27.8,20.0,85,4.2,4.2,61,2024-07-28,Pithoragarh,19.7,97.69999999999999,197.99999999999997,724.5,6.566666666666666,0
29.2,33.2,25.7,76,1.4,1.4,53,2024-07-28,Tehri Garhwal,22.699999999999992,100.19999999999999,180.7,335.40000000000003,7.566666666666664,0
19.1,22.7,15.7,86,18.7,18.7,65,2024-08-02,Nainital,27.9,75.10000000000007,137.19999999999993,634.4,9.299999999999999,0
21.2,24.0,19.2,88,1.4,1.4,51,2024-08-03,Almora,11.400000000000029,60.20000000000003,135.29999999999998,471.6000000000001,3.8000000000000096,0
20.3,21.7,18.9,94,151.9,151.9,65,2024-08-07,Almora,175.60000000000002,191.60000000000002,271.2,397.40000000000003,58.53333333333334,0
18.1,20.4,15.6,90,6.9,6.9,61,2024-08-08,Nainital,192.20000000000002,223.10000000000005,288.3999999999999,417.3,64.06666666666668,0
24.7,28.2,21.4,88,19.3,19.3,63,2024-08-10,Bageshwar,43.199999999999974,198.0,288.0,592.9000000000001,14.399999999999991,0
23.3,28.5,21.4,85,11.8,11.8,65,2024-08-10,Chamoli,23.9,92.0,213.29999999999995,508.5,7.966666666666666,0
25.4,29.5,22.9,89,11.2,11.2,63,2024-08-10,Dehradun,18.9,76.1,293.3,481.40000000000003,6.3,0
20.5,22.8,18.9,93,26.1,26.1,65,2024-08-10,Pithoragarh,69.0,237.7,330.59999999999997,551.2,23.0,0
26.7,29.9,23.4,81,1.8,1.8,53,2024-08-10,Tehri Garhwal,18.09999999999999,82.49999999999997,171.6,354.30000000000007,6.0333333333333306,0
21.2,26.0,18.5,89,12.3,12.3,65,2024-08-11,Almora,46.50000000000003,233.8,294.90000000000003,444.8,15.500000000000009,0
18.3,21.3,15.4,89,6.1,6.1,61,2024-08-11,Nainital,24.900000000000002,221.20000000000007,279.09999999999997,429.2,8.3,0
17.6,20.2,16.3,94,8.6,8.6,61,2024-08-21,Nainital,36.3,57.10000000000006,136.79999999999993,442.8,12.1,0
20.8,23.2,19.2,90,26.8,26.8,63,2024-08-22,Almora,45.40000000000003,87.80000000000003,165.50000000000003,455.40000000000003,15.133333333333342,0
21.1,26.9,17.3,88,5.8,5.8,63,2024-08-26,Almora,23.800000000000026,92.40000000000002,157.20000000000002,464.6,7.933333333333342,0
25.4,31.3,21.6,84,3.6,3.6,61,2024-08-28,Bageshwar,16.099999999999973,72.2,197.0,509.6,5.366666666666657,0
23.2,28.1,19.1,83,0.2,0.2,51,2024-08-28,Chamoli,2.8000000000000003,57.800000000000004,205.6,434.9,0.9333333333333335,0
26.2,30.7,22.7,82,5.8,5.8,63,2024-08-28,Dehradun,17.899999999999995,40.800000000000004,137.89999999999998,445.0,5.966666666666665,0
20.7,25.3,18.0,89,2.6,2.6,55,2024-08-28,Pithoragarh,16.900000000000002,69.00000000000001,253.29999999999998,620.6,5.633333333333334,0
26.5,30.8,22.5,81,10.6,10.6,63,2024-08-28,Tehri Garhwal,29.999999999999993,75.09999999999998,191.2,392.8,9.999999999999998,0
18.3,21.6,15.5,87,4.9,4.9,63,2024-08-29,Nainital,36.1,55.60000000000006,107.69999999999993,422.6,12.033333333333333,0
24.3,29.7,20.4,85,7.9,7.9,63,2024-09-07,Bageshwar,31.599999999999973,73.6,115.6,369.3,10.533333333333324,0
22.3,26.4,19.8,83,1.2,1.2,53,2024-09-07,Chamoli,4.8,19.0,27.39999999999997,262.40000000000003,1.5999999999999999,0
24.8,29.7,21.8,85,2.0,2.0,53,2024-09-07,Dehradun,19.399999999999995,51.6,83.69999999999997,240.8,6.466666666666665,0
20.3,24.5,16.7,89,16.9,16.9,63,2024-09-07,Pithoragarh,44.2,99.69999999999999,146.79999999999995,474.40000000000003,14.733333333333334,0
25.8,29.6,22.7,84,6.5,6.5,63,2024-09-07,Tehri Garhwal,15.899999999999993,55.29999999999998,99.49999999999999,296.6,5.299999999999998,0
19.0,22.2,16.1,83,3.1,3.1,61,2024-09-09,Nainital,16.3,48.00000000000006,98.99999999999994,234.4,5.433333333333334,0
17.9,20.8,14.8,88,3.3,3.3,61,2024-09-10,Nainital,10.9,44.60000000000005,85.39999999999993,231.59999999999997,3.6333333333333333,0
18.1,19.6,17.2,94,132.7,132.7,65,2024-09-13,Almora,185.9,208.0,262.1,433.7,61.96666666666667,0
23.0,27.5,18.6,82,1.2,1.2,53,2024-09-14,Bageshwar,157.89999999999998,173.29999999999998,246.89999999999998,454.3,52.633333333333326,0
22.8,26.0,20.2,87,1.2,1.2,51,2024-09-14,Dehradun,71.4,75.10000000000001,126.69999999999996,267.2,23.8,0
19.3,23.0,16.3,88,2.0,2.0,53,2024-09-14,Pithoragarh,172.9,192.7,292.3999999999999,550.0999999999999,57.63333333333333,0
24.5,28.1,21.9,79,1.8,1.8,53,2024-09-14,Tehri Garhwal,86.10000000000001,97.29999999999998,152.6,337.70000000000005,28.700000000000003,0
21.5,27.4,18.8,89,10.9,10.9,63,2024-09-22,Almora,15.4,25.700000000000003,222.20000000000002,346.40000000000003,5.133333333333334,0
23.1,29.0,19.3,81,3.1,3.1,61,2024-09-22,Chamoli,4.0,18.599999999999994,116.99999999999997,147.5,1.3333333333333333,0
20.5,25.0,18.4,86,14.2,14.2,63,2024-09-26,Almora,32.6,48.4,196.3,346.80000000000007,10.866666666666667,0
13.8,18.6,10.3,86,0.0,0.0,3,2024-10-16,Nainital,0.7999999999999999,2.000000000000025,18.89999999999994,74.5,0.26666666666666666,0
17.1,23.3,12.9,80,0.0,0.0,3,2024-10-17,Almora,0.0,0.10000000000000178,7.100000000000028,68.50000000000003,0.0,0
16.4,20.7,11.5,56,0.3,0.3,51,2024-10-24,Nainital,2.3,4.1000000000000245,7.099999999999943,58.0,0.7666666666666666,0
15.0,18.0,12.1,92,1.6,1.6,51,2024-10-27,Nainital,3.9,6.6000000000000245,9.899999999999942,30.8,1.3,0
16.4,27.0,9.0,68,0.0,0.0,1,2024-11-14,Bageshwar,0.0,0.3000000000000071,3.1999999999999997,5.1000000000000005,0.0,0
17.4,23.9,13.2,78,0.0,0.0,3,2024-11-14,Dehradun,0.0,0.0,0.0,0.40000000000001423,0.0,0
14.9,21.8,10.9,74,0.0,0.0,1,2024-11-14,Pithoragarh,0.0,1.3,12.499999999999972,22.099999999999998,0.0,0
18.0,26.5,12.6,79,0.0,0.0,3,2024-11-14,Tehri Garhwal,0.0,0.2999999999999716,0.29999999999998583,3.4000000000000283,0.0,0
11.5,19.4,5.9,51,0.0,0.0,0,2024-11-27,Chamoli,0.0,0.0,0.0,0.0,0.0,0
9.8,22.0,1.2,55,0.0,0.0,0,2024-12-18,Bageshwar,0.0,0.0,2.8,2.8,0.0,0
12.9,20.5,6.9,60,0.0,0.0,0,2024-12-18,Dehradun,0.0,0.0,0.5999999999999716,0.6000000000000142,0.0,0
10.1,17.4,3.8,48,0.0,0.0,0,2024-12-18,Pithoragarh,0.0,0.0,0.4999999999999716,0.49999999999999994,0.0,0
12.6,22.9,2.9,60,0.0,0.0,0,2024-12-18,Tehri Garhwal,0.0,0.0,0.2999999999999858,2.600000000000028,0.0,0
7.2,14.6,2.2,70,0.6,0.6,53,2024-12-24,Almora,0.9000000000000004,0.9000000000000017,0.9000000000000283,1.4000000000000283,0.3000000000000001,0
9.2,20.2,1.2,65,0.0,0.0,3,2024-12-26,Bageshwar,0.3999999999999716,1.1000000000000072,1.1,3.9,0.13333333333332387,0
9.0,18.8,1.9,41,0.0,0.0,3,2024-12-26,Chamoli,0.0,1.4999999999999858,1.4999999999999787,3.5,0.0,0
12.6,20.2,7.2,65,0.0,0.0,3,2024-12-26,Dehradun,0.4999999999999929,0.6,0.5999999999999716,1.2000000000000142,0.1666666666666643,0
9.5,15.6,3.2,53,0.0,0.0,3,2024-12-26,Pithoragarh,0.6000000000000001,1.0,0.9999999999999716,1.5,0.20000000000000004,0
11.5,21.1,3.9,65,0.0,0.0,3,2024-12-26,Tehri Garhwal,2.699999999999993,8.799999999999972,8.799999999999986,9.100000000000028,0.8999999999999977,0
4.7,9.2,2.3,90,25.0,25.0,65,2024-12-28,Nainital,28.5,30.400000000000027,30.39999999999994,34.8,9.5,0
10.3,19.2,5.0,74,0.4,0.4,51,2024-12-29,Bageshwar,10.499999999999972,11.600000000000009,11.600000000000001,14.4,3.4999999999999907,0
7.2,16.7,0.1,64,0.0,0.0,1,2024-12-29,Chamoli,45.9,47.399999999999984,47.39999999999998,49.4,15.299999999999999,0
12.0,19.0,7.6,83,0.0,0.0,1,2024-12-29,Dehradun,16.799999999999994,17.4,17.39999999999997,18.000000000000014,5.599999999999998,0
8.5,14.6,3.8,74,0.6,0.6,51,2024-12-29,Pithoragarh,11.200000000000001,12.200000000000001,12.199999999999973,12.700000000000001,3.733333333333334,0
11.7,19.9,6.5,79,0.0,0.0,2,2024-12-29,Tehri Garhwal,51.3,60.09999999999997,60.09999999999999,60.40000000000003,17.099999999999998,0
9.9,22.5,1.4,66,0.0,0.0,2,2025-01-01,Bageshwar,0.0,10.500000000000009,11.600000000000001,14.4,0.0,0
8.5,19.9,0.5,46,0.0,0.0,2,2025-01-01,Chamoli,0.0,45.899999999999984,47.39999999999998,49.4,0.0,0
10.5,17.0,6.9,85,0.0,0.0,3,2025-01-01,Dehradun,0.0,16.799999999999997,17.39999999999997,18.000000000000014,0.0,0
8.3,16.9,2.4,46,0.0,0.0,1,2025-01-01,Nainital,0.0,29.30000000000003,31.199999999999942,35.6,0.0,0
10.2,18.2,3.0,54,0.0,0.0,1,2025-01-01,Pithoragarh,0.0,11.200000000000001,12.199999999999973,12.700000000000001,0.0,0
12.4,24.0,4.0,66,0.0,0.0,2,2025-01-01,Tehri Garhwal,0.0,51.299999999999976,60.09999999999999,60.40000000000003,0.0,0
13.0,18.3,8.9,82,3.3,3.3,53,2025-01-12,Haridwar,4.6,5.200000000000028,5.2000000000000135,5.199999999999999,1.5333333333333332,0
7.8,18.7,0.0,41,0.0,0.0,3,2025-01-17,Chamoli,7.6,13.399999999999984,13.399999999999977,60.8,2.533333333333333,0
12.5,21.5,5.4,45,0.0,0.0,3,2025-01-19,Chamoli,0.0,7.599999999999985,13.399999999999977,60.8,0.0,0
9.1,19.4,0.6,46,0.0,0.0,1,2025-01-31,Chamoli,0.0,0.0,0.0,13.399999999999999,0.0,0
9.8,20.3,2.4,48,0.0,0.0,3,2025-02-07,Almora,0.0,7.700000000000002,7.70000000000003,16.30000000000003,0.0,0
8.1,16.2,2.4,41,0.0,0.0,2,2025-02-14,Nainital,0.0,0.0,22.699999999999942,33.9,0.0,0
7.3,13.4,3.5,46,3.5,2.7,73,2025-02-15,Nainital,3.5,3.5000000000000284,26.199999999999942,26.3,1.1666666666666667,0
7.6,12.3,5.0,83,13.7,13.7,61,2025-02-27,Nainital,13.7,17.700000000000028,37.29999999999994,60.0,4.566666666666666,0
11.4,20.5,4.0,66,0.0,0.0,3,2025-03-07,Almora,0.0,6.5,81.90000000000002,90.80000000000003,0.0,0
15.1,25.4,8.6,71,0.0,0.0,3,2025-03-08,Bageshwar,0.09999999999997869,5.700000000000006,84.9,88.99999999999999,0.03333333333332623,0
13.6,22.6,4.4,49,0.0,0.0,3,2025-03-08,Chamoli,0.3,1.899999999999986,109.29999999999998,110.0,0.09999999999999999,0
15.9,23.5,8.8,67,0.0,0.0,3,2025-03-08,Dehradun,0.0,6.2,110.19999999999997,119.10000000000002,0.0,0
12.0,20.0,6.2,75,0.0,0.0,3,2025-03-08,Pithoragarh,0.0,2.100000000000007,64.29999999999997,68.6,0.0,0
15.5,25.0,7.3,74,0.0,0.0,3,2025-03-08,Tehri Garhwal,0.0,12.099999999999971,104.89999999999998,114.20000000000003,0.0,0
14.7,22.9,8.3,62,0.0,0.0,3,2025-03-11,Almora,0.0,0.0,79.10000000000002,90.80000000000003,0.0,0
9.2,14.9,4.7,59,0.6,0.6,51,2025-03-17,Nainital,104.8,106.90000000000002,111.69999999999995,205.1,34.93333333333333,0
14.5,23.8,7.2,56,0.0,0.0,3,2025-03-19,Almora,0.0,14.3,14.30000000000003,98.90000000000002,0.0,0
16.8,27.2,8.9,55,0.0,0.0,3,2025-03-19,Bageshwar,0.6999999999999786,22.900000000000006,23.000000000000007,110.6,0.2333333333333262,0
14.2,23.7,5.2,47,0.0,0.0,3,2025-03-19,Chamoli,0.0,36.19999999999998,36.59999999999998,145.89999999999998,0.0,0
18.6,26.8,11.7,57,0.0,0.0,3,2025-03-19,Dehradun,0.0,13.8,13.799999999999972,131.2,0.0,0
15.1,22.7,9.7,51,0.0,0.0,3,2025-03-19,Pithoragarh,0.9,20.000000000000007,19.99999999999997,85.39999999999999,0.3,0
18.3,26.9,11.8,61,0.0,0.0,3,2025-03-19,Tehri Garhwal,0.1,45.29999999999997,45.29999999999998,155.3,0.03333333333333333,0
20.2,29.9,11.7,56,0.0,0.0,0,2025-04-01,Haridwar,0.0,0.0,0.0,6.9999999999999964,0.0,0
23.0,31.8,15.0,54,0.0,0.0,3,2025-04-06,Haridwar,0.0,0.0,0.0,4.199999999999996,0.0,0
19.4,25.9,12.2,46,0.0,0.0,3,2025-04-08,Almora,0.0,0.0,0.0,18.10000000000003,0.0,0
18.6,24.9,12.4,57,1.3,1.3,53,2025-04-09,Almora,1.3,1.3,1.3000000000000302,19.400000000000027,0.43333333333333335,0
17.0,21.9,12.8,83,17.6,17.6,63,2025-04-12,Bageshwar,32.899999999999984,33.80000000000001,33.80000000000001,53.400000000000006,10.966666666666661,0
14.9,18.9,10.8,74,8.0,8.0,63,2025-04-12,Chamoli,18.4,19.399999999999984,19.999999999999986,56.0,6.133333333333333,0
19.5,25.2,14.9,73,1.3,1.3,53,2025-04-12,Dehradun,7.999999999999986,8.3,8.299999999999974,21.900000000000016,2.666666666666662,0
14.5,20.9,9.8,77,11.3,11.3,63,2025-04-12,Pithoragarh,34.2,36.70000000000001,36.699999999999974,55.60000000000001,11.4,0
18.4,24.3,14.6,79,8.2,8.2,61,2025-04-12,Tehri Garhwal,12.2,12.599999999999971,12.599999999999985,56.40000000000003,4.066666666666666,0
18.7,27.5,14.0,74,11.6,11.6,65,2025-05-06,Chamoli,18.299999999999997,26.699999999999985,26.69999999999999,52.2,6.099999999999999,0
23.8,33.9,14.0,50,0.0,0.0,1,2025-05-13,Bageshwar,5.6999999999999815,16.200000000000006,66.2,69.10000000000001,1.899999999999994,0
21.9,29.8,14.7,46,0.0,0.0,3,2025-05-13,Chamoli,4.899999999999998,12.999999999999986,39.69999999999999,45.8,1.6333333333333326,0
26.3,34.4,17.4,47,0.0,0.0,1,2025-05-13,Dehradun,0.5999999999999841,4.5,39.59999999999997,69.20000000000002,0.1999999999999947,0
21.8,28.5,15.7,46,0.0,0.0,3,2025-05-13,Pithoragarh,16.599999999999998,22.800000000000008,70.49999999999997,91.10000000000001,5.533333333333332,0
24.9,34.4,16.2,57,0.0,0.0,2,2025-05-13,Tehri Garhwal,8.0,23.69999999999997,50.999999999999986,63.300000000000026,2.6666666666666665,0
29.5,36.6,22.0,52,0.0,0.0,1,2025-05-17,Haridwar,0.0,0.0,13.700000000000014,18.199999999999996,0.0,0
17.6,22.9,14.0,82,4.5,4.5,61,2025-05-19,Nainital,6.899999999999999,8.900000000000032,50.199999999999946,96.3,2.2999999999999994,0
23.5,29.7,17.3,75,1.1,1.1,51,2025-05-22,Bageshwar,4.599999999999983,9.100000000000007,23.60000000000001,75.3,1.5333333333333277,0
22.7,28.8,16.8,59,0.3,0.3,51,2025-05-22,Chamoli,4.199999999999998,9.399999999999986,21.299999999999986,49.1,1.3999999999999995,0
26.4,31.0,22.2,66,0.7,0.7,51,2025-05-22,Dehradun,1.1999999999999842,2.2,2.9999999999999716,41.80000000000001,0.39999999999999475,0
18.5,23.9,14.8,84,22.2,22.2,63,2025-05-22,Pithoragarh,35.5,68.60000000000001,89.69999999999997,139.9,11.833333333333334,0
25.7,31.2,20.3,72,1.5,1.5,53,2025-05-22,Tehri Garhwal,1.6,2.5999999999999717,13.499999999999986,53.60000000000003,0.5333333333333333,0
25.3,33.9,17.4,72,5.0,5.0,63,2025-05-27,Bageshwar,5.499999999999981,15.300000000000008,20.10000000000001,86.3,1.833333333333327,0
23.2,30.4,15.4,64,0.2,0.2,51,2025-05-27,Chamoli,3.299999999999998,8.299999999999986,13.499999999999986,53.199999999999996,1.0999999999999994,0
27.1,32.1,22.6,69,0.6,0.6,51,2025-05-27,Dehradun,21.299999999999986,22.3,23.49999999999997,63.100000000000016,7.099999999999995,0
21.5,28.1,16.7,73,5.8,5.8,63,2025-05-27,Pithoragarh,11.1,55.2,90.29999999999997,161.5,3.6999999999999997,0
26.6,32.3,21.5,75,1.5,1.5,53,2025-05-27,Tehri Garhwal,14.8,16.799999999999972,17.899999999999984,68.90000000000003,4.933333333333334,0
19.9,24.3,17.1,81,3.3,3.3,61,2025-06-11,Nainital,9.099999999999998,14.100000000000032,30.999999999999943,78.39999999999999,3.0333333333333328,0
25.4,34.1,20.6,83,5.8,5.8,63,2025-06-12,Bageshwar,11.099999999999984,12.200000000000006,28.500000000000007,59.4,3.6999999999999944,0
23.9,30.7,19.6,75,2.6,2.6,53,2025-06-12,Chamoli,5.299999999999999,7.599999999999985,9.599999999999985,26.2,1.7666666666666664,0
29.3,34.8,24.6,70,2.0,2.0,61,2025-06-12,Dehradun,6.899999999999986,7.0,13.19999999999997,41.20000000000001,2.2999999999999954,0
21.4,28.1,18.1,85,5.7,5.7,61,2025-06-12,Pithoragarh,18.099999999999998,19.100000000000005,43.49999999999997,160.4,6.033333333333332,0
27.9,33.3,24.1,75,4.6,4.6,61,2025-06-12,Tehri Garhwal,6.6,7.099999999999971,16.499999999999986,36.50000000000003,2.1999999999999997,0
29.5,33.8,24.8,76,1.2,1.2,53,2025-06-18,Haridwar,1.7,26.80000000000003,26.800000000000015,74.49999999999999,0.5666666666666667,0
19.3,23.3,15.9,86,4.4,4.4,61,2025-06-26,Nainital,15.8,64.10000000000004,105.89999999999993,148.0,5.266666666666667,0
20.1,23.2,18.2,92,7.6,7.6,63,2025-07-10,Almora,30.999999999999996,54.8,107.60000000000004,196.20000000000005,10.333333333333332,0
28.1,30.6,25.7,82,1.3,1.3,53,2025-07-17,Haridwar,6.6,10.700000000000028,79.50000000000003,248.0,2.1999999999999997,0
18.4,21.8,15.5,91,5.1,5.1,55,2025-07-28,Nainital,17.5,42.700000000000024,86.89999999999995,226.2,5.833333333333333,0
19.1,23.7,15.3,86,1.7,1.7,53,2025-07-30,Nainital,21.400000000000002,49.60000000000003,88.59999999999994,207.0,7.133333333333334,0
23.0,27.7,21.2,90,30.9,30.9,63,2025-08-11,Chamoli,48.999999999999986,124.99999999999997,252.59999999999997,392.7,16.33333333333333,0
26.7,30.5,25.1,93,33.2,33.2,63,2025-08-11,Haridwar,38.400000000000006,96.50000000000003,169.3,239.7,12.800000000000002,0
25.3,31.3,21.9,92,23.4,23.4,65,2025-08-13,Bageshwar,63.499999999999986,110.0,290.40000000000003,466.7,21.16666666666666,0
23.4,28.0,20.7,89,4.6,4.6,63,2025-08-13,Chamoli,35.69999999999999,76.49999999999999,208.79999999999998,387.40000000000003,11.899999999999997,0
26.2,30.3,23.6,89,1.3,1.3,53,2025-08-13,Dehradun,38.799999999999976,65.19999999999999,151.19999999999996,261.20000000000005,12.933333333333325,0
21.3,24.9,19.4,95,48.4,48.4,65,2025-08-13,Pithoragarh,74.7,136.20000000000002,294.29999999999995,420.0,24.900000000000002,0
26.6,30.0,24.5,90,8.6,8.6,61,2025-08-13,Tehri Garhwal,39.300000000000004,59.599999999999966,194.6,323.20000000000005,13.100000000000001,0
17.9,21.4,15.6,93,20.8,20.8,65,2025-08-16,Nainital,54.400000000000006,121.20000000000003,218.09999999999994,316.2,18.133333333333336,0
21.4,27.6,18.7,92,18.7,18.7,63,2025-08-17,Almora,33.5,115.8,193.80000000000004,336.8,11.166666666666666,0
24.4,29.4,21.6,87,4.5,4.5,53,2025-08-18,Bageshwar,67.1,127.2,266.20000000000005,534.0,22.366666666666664,0
22.1,26.8,19.7,87,21.1,21.1,65,2025-08-18,Chamoli,54.99999999999999,86.39999999999998,211.39999999999998,446.5,18.333333333333332,0
25.3,29.0,23.2,86,1.5,1.5,51,2025-08-18,Dehradun,9.19999999999997,29.199999999999992,123.59999999999997,275.3,3.066666666666657,0
27.9,31.8,25.4,85,1.0,1.0,53,2025-08-18,Haridwar,11.999999999999998,22.900000000000027,119.40000000000003,251.3,3.9999999999999996,0
20.5,25.3,18.0,90,7.6,7.6,61,2025-08-18,Pithoragarh,28.999999999999996,121.10000000000002,265.29999999999995,464.5,9.666666666666666,0
25.4,29.2,23.3,88,21.9,21.9,63,2025-08-18,Tehri Garhwal,65.10000000000001,99.09999999999997,229.89999999999998,393.20000000000005,21.700000000000003,0
28.2,32.7,25.2,81,0.7,0.7,53,2025-08-19,Haridwar,10.899999999999997,20.100000000000026,89.50000000000003,251.5,3.6333333333333324,0
24.9,32.0,20.3,84,3.1,3.1,61,2025-08-21,Bageshwar,14.899999999999986,90.10000000000001,220.4,523.9,4.966666666666662,0
23.0,29.1,18.1,78,3.8,3.8,53,2025-08-21,Chamoli,9.199999999999989,75.89999999999999,165.79999999999998,416.9,3.066666666666663,0
26.0,30.0,22.6,83,0.9,0.9,51,2025-08-21,Dehradun,4.799999999999971,16.399999999999995,94.19999999999997,227.10000000000002,1.5999999999999905,0
21.1,26.4,17.5,88,8.1,8.1,61,2025-08-21,Pithoragarh,24.4,59.80000000000001,224.1,461.70000000000005,8.133333333333333,0
26.2,31.4,22.9,84,2.9,2.9,61,2025-08-21,Tehri Garhwal,23.800000000000004,91.69999999999996,167.0,370.20000000000005,7.9333333333333345,0
27.2,31.4,24.5,87,8.5,8.5,63,2025-08-23,Haridwar,13.099999999999998,27.00000000000003,76.30000000000004,213.9,4.366666666666666,0
24.6,32.0,19.8,84,1.8,1.8,53,2025-09-07,Bageshwar,12.199999999999985,92.39999999999999,196.00000000000003,440.0,4.066666666666662,0
22.2,29.0,18.7,82,7.6,7.6,63,2025-09-07,Chamoli,16.89999999999999,56.899999999999984,134.89999999999998,302.09999999999997,5.63333333333333,0
25.7,30.0,22.6,83,0.7,0.7,51,2025-09-07,Dehradun,3.599999999999964,92.99999999999999,170.59999999999997,256.0,1.199999999999988,0
20.3,25.5,16.9,88,8.1,8.1,61,2025-09-07,Pithoragarh,16.299999999999997,98.5,210.09999999999997,465.9,5.433333333333333,0
25.2,31.0,21.8,87,0.6,0.6,51,2025-09-07,Tehri Garhwal,3.8,84.29999999999997,144.79999999999998,313.40000000000003,1.2666666666666666,0
26.5,30.3,24.4,90,7.3,7.3,61,2025-09-13,Haridwar,16.6,29.600000000000026,313.7,394.59999999999997,5.533333333333334,0
20.8,25.2,18.1,89,4.2,4.2,55,2025-09-14,Almora,41.9,50.199999999999996,133.70000000000002,240.70000000000002,13.966666666666667,0
24.7,32.5,19.8,81,0.0,0.0,3,2025-09-22,Bageshwar,2.799999999999986,71.9,102.30000000000001,323.59999999999997,0.9333333333333287,0
22.9,30.0,17.2,68,0.0,0.0,3,2025-09-22,Chamoli,0.0,22.299999999999986,55.79999999999998,197.9,0.0,0
25.6,30.0,21.1,82,0.0,0.0,2,2025-09-22,Dehradun,0.4999999999999645,37.89999999999999,103.69999999999997,277.7,0.16666666666665483,0
20.7,26.3,17.8,86,0.1,0.1,51,2025-09-22,Pithoragarh,1.0,48.30000000000002,111.59999999999998,340.0,0.3333333333333333,0
25.7,31.9,20.9,83,0.0,0.0,3,2025-09-22,Tehri Garhwal,0.7,85.69999999999995,116.39999999999996,263.0,0.2333333333333333,0
21.2,28.1,16.7,84,1.3,1.3,53,2025-09-23,Almora,2.0,29.4,85.10000000000002,210.10000000000002,0.6666666666666666,0
26.2,31.0,22.9,84,0.0,0.0,1,2025-10-01,Haridwar,1.3,1.5000000000000284,13.400000000000029,140.3,0.43333333333333335,0
15.4,20.3,12.3,90,2.0,2.0,55,2025-10-03,Nainital,15.300000000000015,22.90000000000002,32.79999999999994,133.1,5.100000000000005,0
22.8,28.9,18.0,74,0.1,0.1,51,2025-10-09,Haridwar,13.9,24.500000000000025,28.60000000000003,126.9,4.633333333333334,0
17.1,24.5,11.3,73,0.0,0.0,1,2025-10-21,Almora,0.19999999999999646,0.9,7.700000000000029,63.80000000000003,0.06666666666666549,0
12.5,17.5,8.3,76,0.6,0.6,51,2025-10-23,Nainital,4.800000000000014,6.2000000000000215,9.599999999999943,93.0,1.6000000000000048,0
16.4,26.9,8.4,63,0.0,0.0,0,2025-10-26,Bageshwar,0.0,0.30000000000000004,0.30000000000001426,78.3,0.0,0
20.0,25.8,15.4,71,0.0,0.0,0,2025-10-26,Dehradun,0.0,0.0,0.0,21.000000000000014,0.0,0
11.9,18.1,7.4,75,0.2,0.2,51,2025-10-26,Nainital,0.5000000000000142,5.300000000000021,8.799999999999942,90.89999999999999,0.1666666666666714,0
15.4,22.1,9.6,55,0.0,0.0,0,2025-10-26,Pithoragarh,0.0,15.700000000000014,15.69999999999997,102.80000000000001,0.0,0
19.2,27.3,13.3,77,0.0,0.0,3,2025-10-26,Tehri Garhwal,0.0,0.49999999999995737,0.4999999999999716,28.300000000000026,0.0,0
16.3,24.5,11.7,81,0.0,0.0,3,2025-10-31,Almora,0.0,0.0,1.2000000000000284,50.60000000000003,0.0,0
19.0,28.3,13.2,79,0.0,0.0,3,2025-11-03,Bageshwar,0.0,0.0,0.30000000000001426,48.1,0.0,0
19.0,25.0,13.8,77,0.0,0.0,3,2025-11-03,Dehradun,0.0,0.0,0.0,15.900000000000013,0.0,0
16.1,22.5,12.1,83,0.0,0.0,3,2025-11-03,Pithoragarh,0.0,0.0,15.69999999999997,83.5,0.0,0
19.1,26.9,12.7,83,0.0,0.0,3,2025-11-03,Tehri Garhwal,0.0,0.0,0.4999999999999716,19.60000000000003,0.0,0
13.4,22.8,7.2,63,0.0,0.0,0,2025-11-09,Almora,0.0,0.0,0.0,2.100000000000029,0.0,0
12.7,24.9,4.2,63,0.0,0.0,0,2025-11-15,Bageshwar,0.0,0.0,0.8000000000000141,1.0999999999999999,0.0,0
15.2,22.0,10.1,66,0.0,0.0,0,2025-11-15,Dehradun,0.0,0.0,0.09999999999997158,0.10000000000001422,0.0,0
11.6,19.1,6.8,65,0.0,0.0,0,2025-11-15,Pithoragarh,0.0,0.0,0.6999999999999715,16.400000000000002,0.0,0
14.6,24.3,7.3,74,0.0,0.0,3,2025-11-15,Tehri Garhwal,0.0,0.0,0.5999999999999717,1.1000000000000285,0.0,0
9.7,16.6,4.8,69,0.0,0.0,1,2025-11-18,Nainital,0.0,0.0,0.5999999999999432,6.8999999999999995,0.0,0
9.3,16.0,4.5,54,0.0,0.0,1,2025-11-28,Nainital,0.0,0.0,0.0,1.6,0.0,0
9.9,17.0,4.1,38,0.0,0.0,3,2025-12-08,Nainital,0.0,0.0,0.0,0.0,0.0,0
10.9,23.8,2.3,64,0.0,0.0,3,2025-12-10,Bageshwar,0.0,0.0,0.0,0.0,0.0,0
11.7,21.4,5.0,39,0.0,0.0,3,2025-12-10,Chamoli,0.0,0.0,0.0,0.0,0.0,0
13.7,19.0,10.7,59,0.0,0.0,3,2025-12-10,Dehradun,0.0,0.0,0.0,0.0,0.0,0
10.3,18.1,5.9,57,0.0,0.0,3,2025-12-10,Pithoragarh,0.0,0.0,0.0,0.0,0.0,0
13.2,23.9,6.6,70,0.0,0.0,3,2025-12-10,Tehri Garhwal,0.1,0.09999999999995737,0.09999999999997158,0.10000000000002843,0.03333333333333333,0
10.3,19.5,5.0,66,0.0,0.0,3,2025-12-11,Almora,0.0,0.0,0.0,0.0,0.0,0
14.3,21.7,8.9,77,0.0,0.0,3,2025-12-13,Haridwar,0.0,0.0,0.0,0.0,0.0,0
11.2,19.6,6.4,62,0.0,0.0,3,2025-12-14,Almora,0.0,0.0,0.0,0.0,0.0,0
11.2,20.6,5.8,58,0.0,0.0,1,2025-12-15,Almora,0.0,0.0,0.0,0.0,0.0,0
10.4,18.8,4.3,69,0.0,0.0,3,2025-12-18,Almora,0.0,0.0,0.0,0.0,0.0,0
10.6,18.7,5.8,60,0.0,0.0,3,2025-12-19,Almora,0.0,0.0,0.0,0.0,0.0,0
8.5,15.1,5.0,65,0.0,0.0,3,2025-12-19,Nainital,0.0,0.0,0.0,0.0,0.0,0
10.7,19.7,5.1,66,0.0,0.0,3,2025-12-21,Almora,0.0,0.0,0.0,0.0,0.0,0
12.7,22.5,6.8,67,0.0,0.0,3,2025-12-21,Bageshwar,0.0,0.0,0.0,0.0,0.0,0
12.1,18.9,7.3,42,0.0,0.0,3,2025-12-21,Chamoli,0.0,0.0,0.0,0.0,0.0,0
12.1,16.9,9.2,87,0.0,0.0,3,2025-12-21,Dehradun,0.0,0.0,0.0,0.0,0.0,0
10.0,16.9,5.2,72,0.0,0.0,3,2025-12-21,Pithoragarh,0.0,0.0,0.0,0.0,0.0,0
14.3,22.7,8.0,76,0.0,0.0,3,2025-12-21,Tehri Garhwal,0.0,0.0,0.09999999999997158,0.10000000000002843,0.0,0
8.2,16.7,2.6,77,0.0,0.0,3,2025-12-26,Almora,0.0,0.0,0.0,0.0,0.0,0
10.5,23.1,2.8,69,0.0,0.0,2,2025-12-30,Bageshwar,0.0,0.0,0.0,0.0,0.0,0
10.4,19.1,4.4,44,0.0,0.0,3,2025-12-30,Chamoli,0.0,0.0,0.0,0.0,0.0,0
12.7,19.7,8.7,77,0.0,0.0,3,2025-12-30,Dehradun,0.0,0.0,0.0,0.0,0.0,0
10.4,17.8,4.3,58,0.0,0.0,3,2025-12-30,Pithoragarh,0.0,0.0,0.0,0.0,0.0,0
13.2,24.5,5.0,71,0.0,0.0,3,2025-12-30,Tehri Garhwal,0.0,0.0,0.0,0.10000000000002843,0.0,0
11.0,22.5,3.6,67,0.0,0.0,3,2025-12-31,Bageshwar,0.0,0.0,0.0,0.0,0.0,0
10.8,14.4,8.5,80,0.0,0.0,3,2025-12-31,Dehradun,0.0,0.0,0.0,0.0,0.0,0
9.1,16.6,3.8,63,0.0,0.0,3,2025-12-31,Pithoragarh,0.0,0.0,0.0,0.0,0.0,0
12.7,20.7,7.3,74,0.0,0.0,3,2025-12-31,Tehri Garhwal,0.0,0.0,0.0,0.10000000000002843,0.0,0
6.5,15.5,1.4,73,0.0,0.0,3,2026-01-04,Almora,0.7999999999999965,0.8,0.8000000000000285,0.8000000000000285,0.2666666666666655,0
8.8,18.0,2.7,47,0.0,0.0,0,2026-01-15,Almora,0.0,0.0,0.8000000000000285,0.8000000000000285,0.0,0
10.0,18.9,4.1,41,0.0,0.0,3,2026-01-18,Almora,0.0,0.0,0.0,0.8000000000000285,0.0,0
8.0,16.3,2.1,59,0.0,0.0,3,2026-01-29,Almora,21.699999999999996,33.7,33.70000000000003,34.50000000000003,7.233333333333332,0
12.9,19.7,7.6,87,0.0,0.0,3,2026-01-31,Haridwar,0.0,18.30000000000003,39.900000000000034,39.900000000000006,0.0,0
8.5,15.2,1.5,55,0.3,0.3,51,2026-02-01,Chamoli,0.2999999999999929,17.399999999999988,31.39999999999998,31.4,0.09999999999999763,0
15.3,22.1,9.7,82,0.0,0.0,3,2026-02-13,Haridwar,0.0,0.0,11.100000000000028,51.0,0.0,0
16.4,25.9,8.9,41,0.0,0.0,0,2026-03-03,Chamoli,0.0,0.0,4.499999999999982,7.1000000000000005,0.0,0
19.1,27.1,12.3,52,0.0,0.0,3,2026-03-09,Chamoli,0.0,0.0,1.299999999999982,4.5,0.0,0
16.3,23.4,10.4,59,0.0,0.0,3,2026-03-26,Almora,0.29999999999999644,20.699999999999996,35.20000000000003,35.40000000000003,0.09999999999999881,0
23.9,33.2,15.2,50,0.0,0.0,1,2026-04-14,Haridwar,0.0,17.800000000000033,22.90000000000003,49.199999999999996,0.0,0
26.2,35.9,17.1,49,0.0,0.0,3,2026-04-22,Haridwar,0.0,0.0,0.0,23.1,0.0,0
23.4,34.2,13.9,54,0.0,0.0,2,2026-04-23,Bageshwar,0.0,0.0,0.0,32.400000000000006,0.0,0
23.0,31.9,14.3,36,0.0,0.0,2,2026-04-23,Chamoli,0.0,0.0,0.7999999999999823,36.6,0.0,0
27.0,34.6,18.8,41,0.0,0.0,0,2026-04-23,Dehradun,0.0,0.0,0.0,33.000000000000014,0.0,0
22.5,29.4,15.7,43,0.0,0.0,2,2026-04-23,Pithoragarh,0.0,0.0,0.09999999999997158,76.9,0.0,0
25.4,34.3,17.6,54,0.0,0.0,3,2026-04-23,Tehri Garhwal,0.0,0.0,0.09999999999997158,44.800000000000026,0.0,0
23.8,31.2,18.8,67,26.2,26.2,65,2026-05-04,Haridwar,30.6,56.20000000000003,56.20000000000003,78.5,10.200000000000001,0
20.8,27.2,13.9,54,0.0,0.0,1,2026-05-16,Almora,0.19999999999999646,8.299999999999997,43.00000000000003,53.70000000000004,0.06666666666666549,0
23.2,32.5,14.1,57,0.1,0.1,51,2026-05-16,Bageshwar,0.49999999999998934,11.1,45.600000000000016,64.5,0.1666666666666631,0
21.8,29.1,14.5,50,0.7,0.7,51,2026-05-16,Chamoli,1.3999999999999928,11.49999999999999,31.499999999999982,70.8,0.4666666666666643,0
26.1,33.0,19.2,53,0.0,0.0,2,2026-05-16,Dehradun,0.4999999999999645,8.599999999999993,34.29999999999997,51.40000000000002,0.16666666666665483,0
20.9,27.9,14.4,55,0.0,0.0,1,2026-05-16,Pithoragarh,1.0000000000000107,21.600000000000012,79.49999999999997,127.1,0.33333333333333687,0
24.4,32.4,16.9,65,0.5,0.5,51,2026-05-16,Tehri Garhwal,1.0,9.899999999999965,23.29999999999997,30.900000000000027,0.3333333333333333,0
31.7,41.2,22.2,35,0.0,0.0,0,2026-05-24,Haridwar,0.10000000000000012,0.10000000000002854,1.4000000000000286,59.3,0.033333333333333375,0
27.2,33.0,23.0,61,2.2,2.2,55,2026-05-30,Haridwar,14.0,14.000000000000028,14.100000000000028,48.1,4.666666666666667,0
18.4,23.7,13.8,72,1.5,1.5,53,2026-06-01,Almora,19.199999999999996,38.39999999999999,39.40000000000003,82.40000000000002,6.399999999999999,0
22.1,28.3,18.5,77,12.5,12.5,63,2026-06-12,Bageshwar,28.599999999999987,29.9,63.000000000000014,83.2,9.53333333333333,0
24.4,29.2,20.9,76,17.6,17.6,63,2026-06-12,Dehradun,23.899999999999963,24.499999999999993,31.799999999999976,35.40000000000001,7.966666666666654,0
18.4,22.7,15.2,80,7.5,7.5,61,2026-06-12,Pithoragarh,49.10000000000001,56.900000000000006,100.59999999999997,130.1,16.36666666666667,0
24.5,30.1,20.8,75,21.3,21.3,65,2026-06-12,Tehri Garhwal,30.400000000000002,31.699999999999964,65.49999999999997,80.50000000000003,10.133333333333335,0
23.3,29.5,20.2,86,4.3,4.3,61,2026-06-30,Chamoli,21.59999999999999,31.59999999999999,39.399999999999984,93.10000000000001,7.199999999999997,0
25.2,29.9,21.5,84,19.8,19.8,63,2026-07-02,Bageshwar,56.29999999999999,72.7,99.00000000000001,165.5,18.766666666666662,0
26.2,29.2,23.8,85,2.0,2.0,53,2026-07-02,Dehradun,28.699999999999967,39.0,45.79999999999998,79.30000000000001,9.566666666666656,0
20.6,24.0,18.7,93,19.8,19.8,63,2026-07-02,Pithoragarh,74.60000000000001,92.9,125.59999999999997,208.5,24.86666666666667,0
26.5,31.7,23.6,82,13.2,13.2,63,2026-07-02,Tehri Garhwal,61.39999999999999,81.09999999999997,97.29999999999997,155.10000000000002,20.466666666666665,0
21.4,26.2,19.4,92,11.7,11.7,61,2026-07-09,Almora,38.89999999999999,76.4,143.20000000000002,197.20000000000002,12.966666666666663,0
25.5,32.6,22.5,88,14.0,14.0,63,2026-07-10,Bageshwar,59.29999999999999,109.0,195.10000000000002,268.7,19.766666666666662,0
24.3,27.0,22.8,94,18.7,18.7,63,2026-07-10,Dehradun,100.49999999999996,114.79999999999998,156.29999999999995,194.8,33.499999999999986,0
26.7,30.1,24.4,87,28.2,28.2,63,2026-07-10,Haridwar,148.79999999999998,163.20000000000002,223.10000000000002,252.5,49.599999999999994,0
21.4,26.3,18.4,91,17.4,17.4,63,2026-07-10,Pithoragarh,108.60000000000001,142.7,246.59999999999997,328.20000000000005,36.2,0
26.1,30.7,23.8,87,15.7,15.7,63,2026-07-10,Tehri Garhwal,117.6,142.19999999999996,233.39999999999995,288.20000000000005,39.199999999999996,0
25.4,32.7,22.2,88,15.6,15.6,63,2026-07-11,Bageshwar,51.099999999999994,112.89999999999999,209.90000000000003,272.3,17.03333333333333,0
25.5,29.6,23.8,91,5.5,5.5,55,2026-07-11,Dehradun,89.79999999999995,116.39999999999999,161.69999999999996,194.7,29.93333333333332,0
27.4,32.1,25.1,90,5.5,5.5,61,2026-07-11,Haridwar,129.79999999999998,162.9,228.50000000000003,256.5,43.26666666666666,0
21.1,25.9,19.1,93,18.4,18.4,63,2026-07-11,Pithoragarh,64.4,153.5,264.0,315.9,21.46666666666667,0
26.0,29.2,23.9,90,59.9,59.9,65,2026-07-11,Tehri Garhwal,147.7,199.79999999999995,290.69999999999993,341.7,49.23333333333333,0
23.1,27.8,19.9,83,1.8,1.8,53,2026-07-17,Almora,14.699999999999998,35.599999999999994,111.30000000000003,205.90000000000003,4.8999999999999995,0
25.5,31.7,22.2,85,10.5,10.5,63,2026-07-25,Bageshwar,31.599999999999994,111.5,184.10000000000002,395.4,10.533333333333331,0
26.1,28.8,23.9,89,12.1,12.1,63,2026-07-25,Dehradun,29.999999999999957,131.6,157.49999999999997,320.00000000000006,9.999999999999986,0
20.6,25.3,18.8,94,8.0,8.0,55,2026-07-25,Pithoragarh,18.700000000000014,161.0,255.59999999999997,521.5,6.233333333333338,0
26.0,30.3,23.6,89,15.3,15.3,63,2026-07-25,Tehri Garhwal,30.400000000000002,182.59999999999997,205.69999999999996,500.6,10.133333333333335,0
25.2,32.9,22.6,89,37.5,37.5,65,2026-07-29,Bageshwar,126.5,164.2,294.6,511.6,42.166666666666664,0
22.9,27.3,21.0,89,26.6,26.6,63,2026-07-29,Chamoli,119.39999999999999,165.1,289.79999999999995,447.4,39.8,0
26.7,29.7,24.2,83,0.7,0.7,51,2026-07-29,Dehradun,66.09999999999995,99.49999999999999,218.59999999999997,379.20000000000005,22.033333333333317,0
21.6,26.2,18.4,89,5.7,5.7,55,2026-07-29,Pithoragarh,66.50000000000001,88.80000000000003,297.09999999999997,573.3000000000001,22.16666666666667,0
26.3,30.9,23.5,87,12.7,12.7,63,2026-07-29,Tehri Garhwal,77.10000000000001,111.99999999999997,274.59999999999997,562.5,25.700000000000003,0
21.9,27.9,18.6,89,12.8,12.8,63,2026-08-02,Almora,37.6,105.8,177.8,354.1,12.533333333333333,0
28.8,32.6,25.1,85,14.2,14.2,63,2026-08-02,Haridwar,20.1,147.10000000000002,210.8,422.8,6.7,0
27.1,28.8,25.3,92,12.4,12.4,63,2026-08-11,Haridwar,29.0,86.10000000000004,145.10000000000005,358.40000000000003,9.666666666666666,0
26.6,29.6,24.5,92,4.5,4.5,61,2026-08-18,Haridwar,47.7,56.50000000000003,142.60000000000005,375.40000000000003,15.9,0
28.7,32.2,25.7,86,3.4,3.4,53,2026-08-21,Haridwar,10.9,62.10000000000004,98.40000000000003,337.7,3.6333333333333333,0
